date_time,amount,method,btc,ltc,usdt
2026-09-01 15:08:29.700919,6905.00,BALANCE,0,0,0
2026-09-01 15:06:52.323008,3030.00,BALANCE,0,0,0
2026-09-01 14:56:45.68744,530.00,BALANCE,0,0,0
2026-09-01 14:31:14.138233,0.00,BALANCE,0,0,0
2026-09-01 14:09:33.496354,3600.00,BALANCE,0,0,0
2026-09-01 13:27:33.773738,3300.00,BALANCE,0,0,0
2026-09-01 13:02:05.971873,3600.00,BALANCE,0,0,0
2026-09-01 10:55:57.233063,5400.00,reptiloid,0,0,0
2026-09-01 10:50:38.519214,18050.00,BALANCE,0,0,0
2026-09-01 09:57:48.728305,3600.00,BALANCE,0,0,0
2026-09-01 09:52:00.06484,5400.00,reptiloid,0,0,0
2026-09-01 09:39:47.184678,3600.00,reptiloid,0,0,0
2026-09-01 09:21:02.44075,3300.00,card,0,0,0
2026-09-01 08:55:39.488437,3300.00,card,0,0,0
2026-09-01 08:52:26.810258,3600.00,transa,0,0,0
2026-09-01 08:36:56.691393,3300.00,reptiloid,0,0,0
2026-09-01 08:16:33.844444,8200.00,reptiloid,0,0,0
2026-09-01 07:56:52.093204,11500.00,card,0,0,0
2026-09-01 07:20:35.852165,8200.00,BALANCE,0,0,0
2026-09-01 06:53:03.280884,3420.00,BALANCE,0,0,0
2026-09-01 02:09:30.279219,425.0000,LTC,0,0.12147411,0
2026-09-01 01:38:52.977441,5235.00,BALANCE,0,0,0
2026-09-01 00:53:28.091385,2760.00,BALANCE,0,0,0
2026-09-01 00:25:51.757348,4500.00,BALANCE,0,0,0
2026-09-01 00:06:25.890196,3600.00,reptiloid,0,0,0
2026-09-01 00:01:16.332625,5600.00,transa,0,0,0
2026-08-31 23:56:47.038114,3300.00,BALANCE,0,0,0
2026-08-31 23:38:17.242245,3600.00,BALANCE,0,0,0
2026-08-31 23:04:03.670638,5200.00,transa,0,0,0
2026-08-31 22:26:43.615155,8200.00,card,0,0,0
2026-08-31 22:17:07.808729,7800.00,transa,0,0,0
2026-08-31 21:59:54.0364,5600.00,reptiloid,0,0,0
2026-08-31 21:45:05.266334,7800.00,reptiloid,0,0,0
2026-08-31 21:27:00.37796,835.00,BALANCE,0,0,0
2026-08-31 21:08:16.896353,0.00,BALANCE,0,0,0
2026-08-31 21:01:59.447887,8200.00,transa,0,0,0
2026-08-31 20:51:24.330346,3300.00,nirvana,0,0,0
2026-08-31 20:13:28.195976,7500.00,card,0,0,0
2026-08-31 20:00:39.2055,500.00,BALANCE,0,0,0
2026-08-31 19:59:32.440371,1945.00,BALANCE,0,0,0
2026-08-31 19:59:18.827553,4680.00,BALANCE,0,0,0
2026-08-31 19:40:06.121318,500.00,BALANCE,0,0,0
2026-08-31 19:31:11.098989,3300.00,card,0,0,0
2026-08-31 19:30:21.125425,1100.00,BALANCE,0,0,0
2026-08-31 19:30:17.255172,500.00,BALANCE,0,0,0
2026-08-31 19:24:39.679945,3300.00,reptiloid,0,0,0
2026-08-31 19:23:07.471635,500.00,BALANCE,0,0,0
2026-08-31 19:20:52.322953,18050.00,BALANCE,0,0,0
2026-08-31 19:01:38.11256,7225.00,BALANCE,0,0,0
2026-08-31 18:49:41.996739,5600.00,transa,0,0,0
2026-08-31 18:46:07.116241,3600.00,BALANCE,0,0,0
2026-08-31 18:31:59.465304,525.00,BALANCE,0,0,0
2026-08-31 18:31:51.081815,8200.00,reptiloid,0,0,0
2026-08-31 18:17:54.786661,5025.00,BALANCE,0,0,0
2026-08-31 18:14:54.153894,7800.00,BALANCE,0,0,0
2026-08-31 18:05:43.951094,3300.00,reptiloid,0,0,0
2026-08-31 18:02:55.588995,3600.00,BALANCE,0,0,0
2026-08-31 17:46:43.066164,7800.00,card,0,0,0
2026-08-31 17:38:03.154666,5250.000,USDT,0,0,71.450000
2026-08-31 17:34:55.919504,7800.00,reptiloid,0,0,0
2026-08-31 17:34:36.896367,3300.00,reptiloid,0,0,0
2026-08-31 16:21:17.115268,7800.00,card,0,0,0
2026-08-31 15:43:44.656765,8200.00,transa,0,0,0
2026-08-31 15:40:57.238312,2820.00,BALANCE,0,0,0
2026-08-31 15:25:24.596258,7800.00,reptiloid,0,0,0
2026-08-31 15:02:08.483334,3600.00,transa,0,0,0
2026-08-31 14:57:33.356134,2520.000,USDT,0,0,34.296000
2026-08-31 14:51:32.222282,3600.00,reptiloid,0,0,0
2026-08-31 14:49:29.929584,3600.00,card,0,0,0
2026-08-31 14:45:53.045481,5600.00,reptiloid,0,0,0
2026-08-31 14:37:00.166195,5200.00,transa,0,0,0
2026-08-31 14:36:38.774211,5400.00,transa,0,0,0
2026-08-31 14:32:32.63458,5400.00,card,0,0,0
2026-08-31 13:46:38.559422,3600.00,transa,0,0,0
2026-08-31 13:38:45.629264,7500.00,transa,0,0,0
2026-08-31 13:28:29.252363,3300.00,card,0,0,0
2026-08-31 13:23:17.543326,3600.00,reptiloid,0,0,0
2026-08-31 13:15:27.2178,3300.00,transa,0,0,0
2026-08-31 12:50:38.226247,3135.00,BALANCE,0,0,0
2026-08-31 12:42:23.162481,3600.00,transa,0,0,0
2026-08-31 12:38:43.643533,3600.00,reptiloid,0,0,0
2026-08-31 12:37:20.214633,7500.00,transa,0,0,0
2026-08-31 11:45:21.417954,7800.00,BALANCE,0,0,0
2026-08-31 11:39:49.770818,7800.00,BALANCE,0,0,0
2026-08-31 11:15:57.361371,5200.00,reptiloid,0,0,0
2026-08-31 11:15:25.96545,1000.00,BALANCE,0,0,0
2026-08-31 11:14:12.305252,5210.00,BALANCE,0,0,0
2026-08-31 11:07:51.794326,7800.00,transa,0,0,0
2026-08-31 11:05:27.821487,7380.00,BALANCE,0,0,0
2026-08-31 11:03:54.484109,3300.00,card,0,0,0
2026-08-31 10:52:14.560315,8200.00,transa,0,0,0
2026-08-31 09:49:24.246178,3300.00,transa,0,0,0
2026-08-31 09:20:53.508001,3600.00,BALANCE,0,0,0
2026-08-31 08:13:52.639653,5400.00,reptiloid,0,0,0
2026-08-31 08:00:30.505406,7500.00,card,0,0,0
2026-08-31 06:18:47.73552,3600.00,reptiloid,0,0,0
2026-08-31 00:56:01.542876,5400.00,reptiloid,0,0,0
2026-08-31 00:42:19.997823,5600.00,reptiloid,0,0,0
2026-08-31 00:38:34.742839,3300.00,reptiloid,0,0,0
2026-08-31 00:31:24.532555,3680.00,BALANCE,0,0,0
2026-08-31 00:12:42.547177,2930.00,BALANCE,0,0,0
2026-08-31 00:07:50.709319,2130.00,BALANCE,0,0,0
2026-08-31 00:02:04.561829,5400.00,reptiloid,0,0,0
2026-08-30 23:43:58.640796,3600.00,transa,0,0,0
2026-08-30 23:41:50.931433,19000.00,transa,0,0,0
2026-08-30 23:41:28.670722,6740.00,BALANCE,0,0,0
2026-08-30 23:41:19.034714,8200.00,reptiloid,0,0,0
2026-08-30 23:34:18.366028,8200.00,card,0,0,0
2026-08-30 22:33:08.478937,3300.00,transa,0,0,0
2026-08-30 22:30:30.279793,5600.00,reptiloid,0,0,0
2026-08-30 21:55:24.434226,3300.00,nirvana,0,0,0
2026-08-30 21:39:24.470808,7410.00,BALANCE,0,0,0
2026-08-30 21:32:51.578721,5200.00,reptiloid,0,0,0
2026-08-30 21:28:20.982207,8200.00,card,0,0,0
2026-08-30 21:17:08.555095,5200.00,card,0,0,0
2026-08-30 21:14:29.378306,7800.00,transa,0,0,0
2026-08-30 20:53:10.645539,0.00,BALANCE,0,0,0
2026-08-30 20:35:48.49946,8200.00,reptiloid,0,0,0
2026-08-30 20:34:16.520903,3300.00,transa,0,0,0
2026-08-30 20:31:01.94003,5600.00,card,0,0,0
2026-08-30 20:30:53.087628,2860.00,BALANCE,0,0,0
2026-08-30 20:30:22.649538,5040.00,BALANCE,0,0,0
2026-08-30 19:48:49.690567,7500.00,reptiloid,0,0,0
2026-08-30 19:34:32.404986,2520.000,USDT,0,0,34.296000
2026-08-30 18:53:51.444209,3600.00,transa,0,0,0
2026-08-30 18:42:12.858679,3300.00,transa,0,0,0
2026-08-30 18:24:03.670867,5600.00,card,0,0,0
2026-08-30 18:15:10.956663,8200.00,transa,0,0,0
2026-08-30 18:13:15.813341,4820.00,BALANCE,0,0,0
2026-08-30 18:09:52.680357,7500.00,BALANCE,0,0,0
2026-08-30 17:56:24.960001,7800.00,reptiloid,0,0,0
2026-08-30 17:52:49.157234,1545.00,BALANCE,0,0,0
2026-08-30 17:50:55.828321,3600.00,reptiloid,0,0,0
2026-08-30 17:35:10.224231,2500.00,BALANCE,0,0,0
2026-08-30 17:24:28.111421,8200.00,card,0,0,0
2026-08-30 17:03:00.341651,3420.00,BALANCE,0,0,0
2026-08-30 16:58:15.895322,5320.00,BALANCE,0,0,0
2026-08-30 16:55:57.993815,3300.00,transa,0,0,0
2026-08-30 16:37:31.554396,2700.00,card,0,0,0
2026-08-30 16:35:42.768173,3300.00,card,0,0,0
2026-08-30 16:23:18.700005,2700.00,card,0,0,0
2026-08-30 15:57:36.531486,4070.00,BALANCE,0,0,0
2026-08-30 15:56:42.58173,1900.00,BALANCE,0,0,0
2026-08-30 15:38:35.241394,1100.00,BALANCE,0,0,0
2026-08-30 15:37:54.3517,8200.00,transa,0,0,0
2026-08-30 15:36:33.583033,7500.00,reptiloid,0,0,0
2026-08-30 15:28:05.115011,920.00,BALANCE,0,0,0
2026-08-30 15:24:18.674937,7800.00,card,0,0,0
2026-08-30 15:23:47.912179,5000.00,BALANCE,0,0,0
2026-08-30 15:17:57.110067,3115.00,BALANCE,0,0,0
2026-08-30 15:17:22.998918,5250.000,USDT,0,0,71.450000
2026-08-30 15:07:03.985455,8200.00,reptiloid,0,0,0
2026-08-30 15:02:45.037372,3600.00,reptiloid,0,0,0
2026-08-30 15:00:58.309012,3300.00,BALANCE,0,0,0
2026-08-30 14:58:17.944685,3300.00,BALANCE,0,0,0
2026-08-30 14:56:53.744107,2925.00,BALANCE,0,0,0
2026-08-30 14:44:28.37962,7500.00,transa,0,0,0
2026-08-30 14:44:27.165281,5390.000,USDT,0,0,73.356000
2026-08-30 14:42:58.503262,3600.00,transa,0,0,0
2026-08-30 14:41:42.650552,2700.00,reptiloid,0,0,0
2026-08-30 14:39:04.044948,5200.00,card,0,0,0
2026-08-30 14:37:15.216027,5200.00,reptiloid,0,0,0
2026-08-30 14:33:59.945021,5200.00,transa,0,0,0
2026-08-30 14:32:41.371554,7520.00,BALANCE,0,0,0
2026-08-30 14:30:39.643887,3600.00,BALANCE,0,0,0
2026-08-30 14:24:35.398063,5600.00,reptiloid,0,0,0
2026-08-30 14:18:55.9698,33000.00,BALANCE,0,0,0
2026-08-30 13:54:03.638366,16500.00,BALANCE,0,0,0
2026-08-30 13:41:58.736575,2700.00,card,0,0,0
2026-08-30 13:36:42.209758,2700.00,reptiloid,0,0,0
2026-08-30 12:58:49.954864,3600.00,reptiloid,0,0,0
2026-08-30 12:48:40.229706,5320.00,BALANCE,0,0,0
2026-08-30 12:48:00.874239,2700.00,BALANCE,0,0,0
2026-08-30 12:46:46.625831,740.00,BALANCE,0,0,0
2026-08-30 12:38:09.066549,2970.00,BALANCE,0,0,0
2026-08-30 12:13:30.951134,1600.00,BALANCE,0,0,0
2026-08-30 12:08:09.232922,3300.00,BALANCE,0,0,0
2026-08-30 11:57:25.243122,5600.00,reptiloid,0,0,0
2026-08-30 11:44:04.589237,7800.00,reptiloid,0,0,0
2026-08-30 11:36:49.586291,3600.00,reptiloid,0,0,0
2026-08-30 11:36:33.60854,2200.00,BALANCE,0,0,0
2026-08-30 11:30:18.858806,0.00,BALANCE,0,0,0
2026-08-30 11:29:59.02835,3600.00,reptiloid,0,0,0
2026-08-30 11:16:53.634771,3600.00,reptiloid,0,0,0
2026-08-30 11:01:33.521712,19000.00,reptiloid,0,0,0
2026-08-30 10:42:28.523136,8200.00,reptiloid,0,0,0
2026-08-30 10:11:30.547004,2700.00,BALANCE,0,0,0
2026-08-30 09:54:29.605404,8200.00,reptiloid,0,0,0
2026-08-30 09:16:58.393689,2200.00,BALANCE,0,0,0
2026-08-30 09:15:21.612551,3600.00,reptiloid,0,0,0
2026-08-30 09:09:08.787066,8200.00,transa,0,0,0
2026-08-30 08:46:03.163657,5400.00,reptiloid,0,0,0
2026-08-30 07:37:46.976838,3600.00,reptiloid,0,0,0
2026-08-30 07:08:58.4026,3300.00,card,0,0,0
2026-08-30 07:05:27.266939,5400.00,reptiloid,0,0,0
2026-08-30 06:43:26.759335,5600.00,card,0,0,0
2026-08-30 05:06:01.892153,2700.00,reptiloid,0,0,0
2026-08-30 04:36:05.847656,2700.00,nirvana,0,0,0
2026-08-30 02:35:31.493046,2820.00,BALANCE,0,0,0
2026-08-30 02:29:22.168767,2700.00,reptiloid,0,0,0
2026-08-30 01:24:40.904524,2700.00,reptiloid,0,0,0
2026-08-30 01:18:40.301735,3600.00,transa,0,0,0
2026-08-30 00:03:55.045538,5400.00,transa,0,0,0
2026-08-29 23:59:30.993254,0.00,BALANCE,0,0,0
2026-08-29 23:35:48.060402,5400.00,transa,0,0,0
2026-08-29 23:34:01.736363,3600.00,reptiloid,0,0,0
2026-08-29 23:31:36.93402,2700.00,card,0,0,0
2026-08-29 23:28:40.494756,2700.00,transa,0,0,0
2026-08-29 23:20:41.355796,2700.00,reptiloid,0,0,0
2026-08-29 22:53:02.267662,7800.00,reptiloid,0,0,0
2026-08-29 22:49:18.81105,8200.00,card,0,0,0
2026-08-29 22:27:48.98278,7800.00,BALANCE,0,0,0
2026-08-29 22:23:59.895025,2700.00,reptiloid,0,0,0
2026-08-29 22:16:05.712738,2700.00,nirvana,0,0,0
2026-08-29 22:06:51.488273,3600.00,reptiloid,0,0,0
2026-08-29 21:55:58.807847,5600.00,card,0,0,0
2026-08-29 21:10:38.456444,2435.00,BALANCE,0,0,0
2026-08-29 20:43:00.936894,5320.00,BALANCE,0,0,0
2026-08-29 20:25:20.936523,8200.00,reptiloid,0,0,0
2026-08-29 20:10:25.292217,3300.00,reptiloid,0,0,0
2026-08-29 20:00:05.708667,8200.00,reptiloid,0,0,0
2026-08-29 19:40:38.075561,7500.00,reptiloid,0,0,0
2026-08-29 19:29:48.487425,5600.00,transa,0,0,0
2026-08-29 19:17:43.708473,5600.00,BALANCE,0,0,0
2026-08-29 19:17:23.278384,5600.00,reptiloid,0,0,0
2026-08-29 19:11:20.456106,5600.00,reptiloid,0,0,0
2026-08-29 19:08:54.745996,3600.00,reptiloid,0,0,0
2026-08-29 18:42:34.740039,5600.00,nirvana,0,0,0
2026-08-29 18:32:46.55177,5600.00,transa,0,0,0
2026-08-29 18:14:18.823919,5600.00,BALANCE,0,0,0
2026-08-29 17:58:38.164542,5600.00,card,0,0,0
2026-08-29 17:37:14.435278,5600.00,BALANCE,0,0,0
2026-08-29 17:31:38.97912,5500.00,BALANCE,0,0,0
2026-08-29 17:10:25.856021,5500.00,reptiloid,0,0,0
2026-08-29 17:06:39.97601,2700.00,card,0,0,0
2026-08-29 16:46:03.585031,7700.00,BALANCE,0,0,0
2026-08-29 16:42:36.805497,2820.00,BALANCE,0,0,0
2026-08-29 16:38:11.425621,4500.00,BALANCE,0,0,0
2026-08-29 16:15:52.270546,3600.00,reptiloid,0,0,0
2026-08-29 16:14:52.376949,3420.00,BALANCE,0,0,0
2026-08-29 16:06:58.96275,5600.00,reptiloid,0,0,0
2026-08-29 16:05:19.40277,2700.00,reptiloid,0,0,0
2026-08-29 15:52:37.369566,0.00,BALANCE,0,0,0
2026-08-29 15:51:22.576674,2700.00,BALANCE,0,0,0
2026-08-29 15:48:28.654267,2700.00,card,0,0,0
2026-08-29 15:47:33.329903,2725.00,BALANCE,0,0,0
2026-08-29 15:45:04.846237,5500.00,reptiloid,0,0,0
2026-08-29 15:44:33.817787,2700.00,reptiloid,0,0,0
2026-08-29 15:43:32.866974,3600.00,card,0,0,0
2026-08-29 15:13:54.650668,3300.00,transa,0,0,0
2026-08-29 14:57:13.831741,2700.00,reptiloid,0,0,0
2026-08-29 14:52:41.958985,0.00,BALANCE,0,0,0
2026-08-29 14:37:07.616194,5500.00,onlypays,0,0,0
2026-08-29 14:29:47.46395,3600.00,reptiloid,0,0,0
2026-08-29 14:28:51.825578,4910.00,BALANCE,0,0,0
2026-08-29 14:21:40.22033,5600.00,reptiloid,0,0,0
2026-08-29 14:11:01.810245,5200.00,BALANCE,0,0,0
2026-08-29 13:49:13.400291,5200.00,transa,0,0,0
2026-08-29 13:45:26.673332,5225.00,BALANCE,0,0,0
2026-08-29 13:25:27.020293,5500.00,reptiloid,0,0,0
2026-08-29 13:22:35.356358,5600.00,transa,0,0,0
2026-08-29 12:59:43.46267,2700.00,nirvana,0,0,0
2026-08-29 12:50:14.974581,7205.00,BALANCE,0,0,0
2026-08-29 12:44:29.241811,5600.00,transa,0,0,0
2026-08-29 12:31:19.755863,5600.00,transa,0,0,0
2026-08-29 12:25:36.293676,2700.00,reptiloid,0,0,0
2026-08-29 12:17:26.873561,7800.00,transa,0,0,0
2026-08-29 12:12:12.46365,2700.00,reptiloid,0,0,0
2026-08-29 12:06:28.674639,1190.00,BALANCE,0,0,0
2026-08-29 12:05:08.514679,7700.00,reptiloid,0,0,0
2026-08-29 11:57:11.359892,0.00,BALANCE,0,0,0
2026-08-29 11:56:51.29858,2700.00,card,0,0,0
2026-08-29 11:48:47.77557,5600.00,transa,0,0,0
2026-08-29 11:46:09.571089,3300.00,BALANCE,0,0,0
2026-08-29 11:38:38.288443,2700.00,reptiloid,0,0,0
2026-08-29 11:33:05.69016,4370.00,BALANCE,0,0,0
2026-08-29 10:55:06.543823,5200.00,card,0,0,0
2026-08-29 10:53:35.719451,2700.00,BALANCE,0,0,0
2026-08-29 10:52:33.558933,990.00,BALANCE,0,0,0
2026-08-29 10:26:43.562055,2700.00,BALANCE,0,0,0
2026-08-29 10:23:37.395547,2200.00,BALANCE,0,0,0
2026-08-29 10:03:38.634658,5600.00,card,0,0,0
2026-08-29 09:50:27.021298,360.00,BALANCE,0,0,0
2026-08-29 09:38:55.47765,3600.00,reptiloid,0,0,0
2026-08-29 09:13:11.859473,5500.00,reptiloid,0,0,0
2026-08-29 09:00:43.998324,7800.00,transa,0,0,0
2026-08-29 08:11:08.574092,5600.00,reptiloid,0,0,0
2026-08-29 05:28:47.200547,4940.00,BALANCE,0,0,0
2026-08-29 04:46:18.643536,4625.00,BALANCE,0,0,0
2026-08-29 02:47:29.803075,5600.00,onlypays,0,0,0
2026-08-29 02:01:53.552401,20000.00,BALANCE,0,0,0
2026-08-29 00:59:08.096642,7700.00,card,0,0,0
2026-08-29 00:04:23.919252,5200.00,reptiloid,0,0,0
2026-08-28 23:34:53.725752,3600.00,card,0,0,0
2026-08-28 23:34:26.958462,3185.00,BALANCE,0,0,0
2026-08-28 23:33:17.455941,2865.00,BALANCE,0,0,0
2026-08-28 23:14:58.27843,5600.00,card,0,0,0
2026-08-28 23:04:02.817177,7410.00,BALANCE,0,0,0
2026-08-28 22:55:40.345082,5225.00,BALANCE,0,0,0
2026-08-28 22:47:45.826298,3600.00,reptiloid,0,0,0
2026-08-28 22:45:49.555195,5600.00,card,0,0,0
2026-08-28 22:29:48.952159,2500.00,transa,0,0,0
2026-08-28 22:27:30.033393,2500.00,reptiloid,0,0,0
2026-08-28 22:23:14.848784,2500.00,reptiloid,0,0,0
2026-08-28 22:13:55.115182,6740.00,BALANCE,0,0,0
2026-08-28 22:08:58.930798,2500.00,BALANCE,0,0,0
2026-08-28 21:12:39.07359,3600.00,transa,0,0,0
2026-08-28 20:48:10.74648,5600.00,reptiloid,0,0,0
2026-08-28 20:35:41.184351,5600.00,reptiloid,0,0,0
2026-08-28 20:26:05.524386,5500.00,reptiloid,0,0,0
2026-08-28 20:24:37.070285,5600.00,reptiloid,0,0,0
2026-08-28 20:23:50.46136,3850.000,USDT,0,0,52.397000
2026-08-28 20:07:38.422829,4950.00,BALANCE,0,0,0
2026-08-28 19:46:18.70464,3600.00,reptiloid,0,0,0
2026-08-28 19:44:47.159991,3600.00,transa,0,0,0
2026-08-28 19:43:54.872385,5500.00,reptiloid,0,0,0
2026-08-28 19:24:48.037238,3600.00,reptiloid,0,0,0
2026-08-28 19:18:59.166201,17100.00,BALANCE,0,0,0
2026-08-28 19:14:41.424256,5225.00,BALANCE,0,0,0
2026-08-28 19:08:33.558477,5600.00,reptiloid,0,0,0
2026-08-28 19:04:49.234372,2600.00,BALANCE,0,0,0
2026-08-28 19:00:02.897849,7500.00,reptiloid,0,0,0
2026-08-28 18:48:49.716747,5600.00,reptiloid,0,0,0
2026-08-28 18:47:46.161303,3600.00,transa,0,0,0
2026-08-28 18:39:03.362935,2335.00,BALANCE,0,0,0
2026-08-28 18:37:54.035135,0.00,BALANCE,0,0,0
2026-08-28 18:28:42.353125,5500.00,reptiloid,0,0,0
2026-08-28 18:22:09.538772,5600.00,reptiloid,0,0,0
2026-08-28 18:17:37.173694,5600.00,transa,0,0,0
2026-08-28 18:11:59.075297,5800.00,transa,0,0,0
2026-08-28 17:29:12.044056,2500.00,reptiloid,0,0,0
2026-08-28 17:13:19.407657,2500.00,reptiloid,0,0,0
2026-08-28 17:09:37.135554,3600.00,reptiloid,0,0,0
2026-08-28 17:05:54.419817,3040.00,BALANCE,0,0,0
2026-08-28 17:05:42.327653,5600.00,reptiloid,0,0,0
2026-08-28 17:01:50.919489,5600.00,BALANCE,0,0,0
2026-08-28 16:59:17.107028,7700.00,reptiloid,0,0,0
2026-08-28 16:56:27.403658,5600.00,reptiloid,0,0,0
2026-08-28 16:44:01.795665,5600.00,reptiloid,0,0,0
2026-08-28 16:41:27.02063,2540.00,BALANCE,0,0,0
2026-08-28 16:33:13.58999,5500.00,reptiloid,0,0,0
2026-08-28 16:20:56.235811,3600.00,reptiloid,0,0,0
2026-08-28 16:12:48.876981,4675.00,BALANCE,0,0,0
2026-08-28 15:51:30.685774,5600.00,BALANCE,0,0,0
2026-08-28 15:38:27.204629,5600.00,reptiloid,0,0,0
2026-08-28 15:23:41.191856,1870.00,BALANCE,0,0,0
2026-08-28 14:53:34.005589,7800.00,reptiloid,0,0,0
2026-08-28 14:19:33.569228,5600.00,BALANCE,0,0,0
2026-08-28 13:42:26.444934,3300.00,BALANCE,0,0,0
2026-08-28 13:41:50.449718,5500.00,reptiloid,0,0,0
2026-08-28 13:29:47.164364,4900.00,BALANCE,0,0,0
2026-08-28 13:28:15.858435,1980.00,BALANCE,0,0,0
2026-08-28 13:02:45.003494,5020.00,BALANCE,0,0,0
2026-08-28 12:57:07.814146,5200.00,reptiloid,0,0,0
2026-08-28 12:43:44.101366,1900.00,BALANCE,0,0,0
2026-08-28 12:25:02.074649,5500.00,reptiloid,0,0,0
2026-08-28 12:22:46.521513,5600.00,reptiloid,0,0,0
2026-08-28 12:09:26.132308,3640.000,USDT,0,0,49.539000
2026-08-28 12:08:21.059662,5600.00,transa,0,0,0
2026-08-28 11:48:37.420847,4370.00,BALANCE,0,0,0
2026-08-28 11:36:51.865415,4675.00,BALANCE,0,0,0
2026-08-28 11:35:32.037412,5600.00,BALANCE,0,0,0
2026-08-28 11:33:25.766954,11500.00,transa,0,0,0
2026-08-28 11:23:11.83854,7370.00,BALANCE,0,0,0
2026-08-28 10:36:37.584749,7800.00,transa,0,0,0
2026-08-28 10:35:26.062281,5600.00,reptiloid,0,0,0
2026-08-28 10:31:55.128031,5320.00,BALANCE,0,0,0
2026-08-28 09:55:16.501338,3600.00,transa,0,0,0
2026-08-28 09:30:39.446869,5500.00,card,0,0,0
2026-08-28 09:30:26.135694,4600.00,BALANCE,0,0,0
2026-08-28 08:36:21.852966,2500.00,card,0,0,0
2026-08-28 07:48:02.383311,24500.000,USDT,0,0,333.435000
2026-08-28 04:35:18.234089,5600.00,BALANCE,0,0,0
2026-08-28 04:00:52.974582,7800.00,reptiloid,0,0,0
2026-08-28 02:04:35.760586,5600.00,transa,0,0,0
2026-08-28 01:27:24.033848,3300.00,reptiloid,0,0,0
2026-08-28 00:39:19.430136,5600.00,card,0,0,0
2026-08-28 00:18:24.798254,2500.00,reptiloid,0,0,0
2026-08-27 22:03:18.08275,5200.00,card,0,0,0
2026-08-27 21:32:29.397383,5600.00,transa,0,0,0
2026-08-27 21:22:23.53549,19000.00,reptiloid,0,0,0
2026-08-27 21:14:50.303104,5500.00,BALANCE,0,0,0
2026-08-27 21:09:35.612919,3850.000,USDT,0,0,52.397000
2026-08-27 19:33:54.104997,0.00,BALANCE,0,0,0
2026-08-27 19:22:14.446418,11500.00,card,0,0,0
2026-08-27 18:51:04.072864,5500.00,reptiloid,0,0,0
2026-08-27 18:50:58.642649,3000.00,BALANCE,0,0,0
2026-08-27 18:48:16.263222,5500.00,reptiloid,0,0,0
2026-08-27 18:46:09.2293,5500.00,reptiloid,0,0,0
2026-08-27 18:11:53.709041,5600.00,BALANCE,0,0,0
2026-08-27 18:11:49.290187,3850.000,USDT,0,0,52.397000
2026-08-27 18:02:55.619206,5200.00,transa,0,0,0
2026-08-27 17:27:49.302353,5600.00,card,0,0,0
2026-08-27 17:11:05.508388,5200.00,card,0,0,0
2026-08-27 16:27:11.336955,5600.00,card,0,0,0
2026-08-27 16:21:35.979998,5600.00,BALANCE,0,0,0
2026-08-27 16:05:11.240359,7800.00,reptiloid,0,0,0
2026-08-27 15:56:26.599699,7800.00,BALANCE,0,0,0
2026-08-27 15:22:21.957701,4930.00,BALANCE,0,0,0
2026-08-27 14:58:41.494295,5320.00,BALANCE,0,0,0
2026-08-27 14:45:02.168354,6800.0000,BTC,0.00117553,0,0
2026-08-27 14:28:43.005545,5600.00,card,0,0,0
2026-08-27 14:18:41.169989,3600.00,BALANCE,0,0,0
2026-08-27 14:17:16.030737,5210.00,BALANCE,0,0,0
2026-08-27 13:18:10.055157,3300.00,card,0,0,0
2026-08-27 13:14:42.236475,3300.00,transa,0,0,0
2026-08-27 13:04:31.548191,3300.00,card,0,0,0
2026-08-27 12:51:09.162393,3600.00,card,0,0,0
2026-08-27 12:42:02.081182,5600.00,reptiloid,0,0,0
2026-08-27 12:37:16.841059,5500.00,BALANCE,0,0,0
2026-08-27 12:23:18.280216,5600.00,BALANCE,0,0,0
2026-08-27 12:14:47.848305,2725.00,BALANCE,0,0,0
2026-08-27 12:10:50.226263,500.00,BALANCE,0,0,0
2026-08-27 12:10:25.960364,500.00,BALANCE,0,0,0
2026-08-27 12:09:06.891851,500.00,BALANCE,0,0,0
2026-08-27 12:08:58.197279,500.00,BALANCE,0,0,0
2026-08-27 12:07:43.23821,500.00,BALANCE,0,0,0
2026-08-27 12:07:25.741095,500.00,BALANCE,0,0,0
2026-08-27 11:56:47.14102,500.00,BALANCE,0,0,0
2026-08-27 11:55:28.201965,500.00,BALANCE,0,0,0
2026-08-27 11:53:37.114796,500.00,BALANCE,0,0,0
2026-08-27 11:52:58.067831,500.00,BALANCE,0,0,0
2026-08-27 11:51:44.574074,0.00,BALANCE,0,0,0
2026-08-27 11:51:08.895953,0.00,BALANCE,0,0,0
2026-08-27 11:19:17.527224,5600.00,transa,0,0,0
2026-08-27 10:55:10.905344,2740.00,BALANCE,0,0,0
2026-08-27 09:39:49.777277,5400.00,card,0,0,0
2026-08-27 09:21:33.059209,4250.00,BALANCE,0,0,0
2026-08-27 09:14:48.41631,7500.00,reptiloid,0,0,0
2026-08-27 08:50:50.574094,5600.00,reptiloid,0,0,0
2026-08-27 08:22:03.975257,0.00,BALANCE,0,0,0
2026-08-27 08:11:41.144184,7020.00,BALANCE,0,0,0
2026-08-27 07:44:05.553909,3600.00,transa,0,0,0
2026-08-27 05:15:51.768964,3300.00,card,0,0,0
2026-08-27 03:37:29.143426,2300.00,card,0,0,0
2026-08-27 02:48:05.524895,4815.00,BALANCE,0,0,0
2026-08-27 01:49:16.574785,5600.00,transa,0,0,0
2026-08-27 01:22:42.042692,5600.00,reptiloid,0,0,0
2026-08-27 01:00:08.495468,500.00,BALANCE,0,0,0
2026-08-27 00:59:12.686362,500.00,BALANCE,0,0,0
2026-08-27 00:58:59.921092,500.00,BALANCE,0,0,0
2026-08-27 00:58:31.274125,500.00,BALANCE,0,0,0
2026-08-27 00:58:18.131529,500.00,BALANCE,0,0,0
2026-08-27 00:58:02.273318,500.00,BALANCE,0,0,0
2026-08-27 00:57:48.652912,500.00,BALANCE,0,0,0
2026-08-27 00:54:48.058623,1000.00,BALANCE,0,0,0
2026-08-27 00:54:19.930751,2000.00,BALANCE,0,0,0
2026-08-27 00:52:20.798301,0.00,BALANCE,0,0,0
2026-08-27 00:37:57.838951,5600.00,card,0,0,0
2026-08-27 00:18:36.360948,3600.00,card,0,0,0
2026-08-27 00:16:01.038105,500.00,BALANCE,0,0,0
2026-08-27 00:15:08.931939,500.00,BALANCE,0,0,0
2026-08-27 00:14:56.086656,500.00,BALANCE,0,0,0
2026-08-27 00:14:42.675155,500.00,BALANCE,0,0,0
2026-08-27 00:14:22.348646,1500.00,BALANCE,0,0,0
2026-08-27 00:11:23.995495,0.00,BALANCE,0,0,0
2026-08-27 00:10:14.314383,0.00,BALANCE,0,0,0
2026-08-27 00:09:56.576004,0.00,BALANCE,0,0,0
2026-08-27 00:09:28.826075,0.00,BALANCE,0,0,0
2026-08-26 23:34:12.390761,7500.00,reptiloid,0,0,0
2026-08-26 23:29:00.600668,500.00,BALANCE,0,0,0
2026-08-26 23:10:40.012513,3600.00,BALANCE,0,0,0
2026-08-26 23:01:54.076022,5500.00,card,0,0,0
2026-08-26 22:50:26.496253,14000.000,USDT,0,0,190.534000
2026-08-26 22:48:57.798192,3420.00,BALANCE,0,0,0
2026-08-26 22:46:19.2981,7800.00,transa,0,0,0
2026-08-26 22:46:08.57866,5600.00,BALANCE,0,0,0
2026-08-26 22:39:29.54757,3000.00,BALANCE,0,0,0
2026-08-26 22:38:32.833388,5600.00,reptiloid,0,0,0
2026-08-26 22:25:53.846996,500.00,BALANCE,0,0,0
2026-08-26 22:25:24.557402,3300.00,reptiloid,0,0,0
2026-08-26 22:04:49.000642,500.00,BALANCE,0,0,0
2026-08-26 21:29:22.042592,5600.000,USDT,0,0,76.214000
2026-08-26 21:22:59.334129,500.00,BALANCE,0,0,0
2026-08-26 21:19:55.752909,500.00,BALANCE,0,0,0
2026-08-26 21:09:21.384047,500.00,BALANCE,0,0,0
2026-08-26 21:06:08.146328,5225.00,BALANCE,0,0,0
2026-08-26 20:52:35.344877,6690.00,BALANCE,0,0,0
2026-08-26 20:49:52.698503,3600.00,card,0,0,0
2026-08-26 20:41:21.80162,2700.00,reptiloid,0,0,0
2026-08-26 20:36:37.248765,5600.00,card,0,0,0
2026-08-26 20:34:52.681172,500.00,BALANCE,0,0,0
2026-08-26 20:33:58.713118,500.00,BALANCE,0,0,0
2026-08-26 20:33:35.982537,500.00,BALANCE,0,0,0
2026-08-26 20:33:25.247768,500.00,BALANCE,0,0,0
2026-08-26 20:33:14.068182,500.00,BALANCE,0,0,0
2026-08-26 20:32:57.719319,500.00,BALANCE,0,0,0
2026-08-26 20:31:37.603438,19000.00,reptiloid,0,0,0
2026-08-26 20:30:45.829746,500.00,BALANCE,0,0,0
2026-08-26 20:30:21.387399,500.00,BALANCE,0,0,0
2026-08-26 20:29:25.678342,500.00,BALANCE,0,0,0
2026-08-26 20:28:40.62011,3600.00,card,0,0,0
2026-08-26 20:14:42.493939,4500.00,transa,0,0,0
2026-08-26 19:38:01.832746,1575.00,BALANCE,0,0,0
2026-08-26 19:17:36.001377,5600.00,reptiloid,0,0,0
2026-08-26 19:13:55.42438,3600.00,reptiloid,0,0,0
2026-08-26 19:11:07.7851,2625.00,BALANCE,0,0,0
2026-08-26 19:10:21.298444,0.00,BALANCE,0,0,0
2026-08-26 18:58:08.055243,3300.00,card,0,0,0
2026-08-26 18:50:34.127367,8000.00,card,0,0,0
2026-08-26 18:41:58.903847,3230.00,BALANCE,0,0,0
2026-08-26 18:34:23.770299,3850.000,USDT,0,0,52.397000
2026-08-26 18:30:08.381577,5600.00,reptiloid,0,0,0
2026-08-26 18:12:50.527304,5600.00,transa,0,0,0
2026-08-26 18:12:16.014472,8000.00,BALANCE,0,0,0
2026-08-26 18:07:52.237983,500.00,BALANCE,0,0,0
2026-08-26 18:06:36.377843,500.00,BALANCE,0,0,0
2026-08-26 18:06:21.693251,500.00,BALANCE,0,0,0
2026-08-26 18:06:05.813622,500.00,BALANCE,0,0,0
2026-08-26 18:05:42.262892,500.00,BALANCE,0,0,0
2026-08-26 18:05:28.899543,500.00,BALANCE,0,0,0
2026-08-26 18:05:19.6989,500.00,BALANCE,0,0,0
2026-08-26 18:05:10.400896,500.00,BALANCE,0,0,0
2026-08-26 18:04:57.181636,500.00,BALANCE,0,0,0
2026-08-26 18:04:42.250817,500.00,BALANCE,0,0,0
2026-08-26 17:48:17.08454,6950.00,BALANCE,0,0,0
2026-08-26 17:48:06.293561,500.00,BALANCE,0,0,0
2026-08-26 17:40:20.279653,5600.00,reptiloid,0,0,0
2026-08-26 17:34:31.021364,5600.00,nirvana,0,0,0
2026-08-26 17:00:28.968566,3600.00,reptiloid,0,0,0
2026-08-26 16:55:11.277062,2175.00,BALANCE,0,0,0
2026-08-26 16:37:10.807409,5500.00,card,0,0,0
2026-08-26 16:26:35.780296,3300.00,BALANCE,0,0,0
2026-08-26 16:22:05.201207,3300.00,BALANCE,0,0,0
2026-08-26 16:20:52.985892,5600.00,reptiloid,0,0,0
2026-08-26 16:06:53.804736,2820.00,BALANCE,0,0,0
2026-08-26 15:55:23.463328,490.00,BALANCE,0,0,0
2026-08-26 15:46:55.184401,7800.00,transa,0,0,0
2026-08-26 15:41:15.997441,0.00,BALANCE,0,0,0
2026-08-26 15:25:14.280793,3600.00,reptiloid,0,0,0
2026-08-26 15:14:18.475103,3600.00,card,0,0,0
2026-08-26 15:14:04.202244,500.00,BALANCE,0,0,0
2026-08-26 15:13:03.734414,2700.00,reptiloid,0,0,0
2026-08-26 15:11:59.460462,500.00,BALANCE,0,0,0
2026-08-26 15:11:49.101287,500.00,BALANCE,0,0,0
2026-08-26 15:11:34.442425,500.00,BALANCE,0,0,0
2026-08-26 15:11:24.564308,500.00,BALANCE,0,0,0
2026-08-26 15:11:13.622903,500.00,BALANCE,0,0,0
2026-08-26 15:11:03.763873,500.00,BALANCE,0,0,0
2026-08-26 15:10:09.10572,500.00,BALANCE,0,0,0
2026-08-26 15:09:44.988576,500.00,BALANCE,0,0,0
2026-08-26 15:09:20.077419,500.00,BALANCE,0,0,0
2026-08-26 15:04:15.984258,5600.00,nirvana,0,0,0
2026-08-26 15:02:04.941246,500.00,BALANCE,0,0,0
2026-08-26 15:01:24.418438,500.00,BALANCE,0,0,0
2026-08-26 15:01:15.867218,500.00,BALANCE,0,0,0
2026-08-26 15:01:05.67465,500.00,BALANCE,0,0,0
2026-08-26 15:00:39.974782,500.00,BALANCE,0,0,0
2026-08-26 15:00:27.763971,500.00,BALANCE,0,0,0
2026-08-26 15:00:15.016805,3300.00,card,0,0,0
2026-08-26 15:00:11.053189,500.00,BALANCE,0,0,0
2026-08-26 14:59:49.557923,500.00,BALANCE,0,0,0
2026-08-26 14:59:18.803391,500.00,BALANCE,0,0,0
2026-08-26 14:54:23.687819,3300.00,card,0,0,0
2026-08-26 14:50:27.907093,3300.00,reptiloid,0,0,0
2026-08-26 14:07:51.87291,3300.00,card,0,0,0
2026-08-26 14:00:22.759965,925.00,BALANCE,0,0,0
2026-08-26 13:53:22.797926,3600.00,reptiloid,0,0,0
2026-08-26 13:37:38.759145,2820.00,BALANCE,0,0,0
2026-08-26 13:25:42.216364,3300.00,card,0,0,0
2026-08-26 13:21:55.378534,2700.00,card,0,0,0
2026-08-26 13:14:47.456034,2300.00,card,0,0,0
2026-08-26 13:08:58.260713,20000.00,reptiloid,0,0,0
2026-08-26 12:44:47.169119,5600.00,transa,0,0,0
2026-08-26 12:39:18.963156,5600.00,reptiloid,0,0,0
2026-08-26 12:18:20.780351,800.00,BALANCE,0,0,0
2026-08-26 12:16:54.582352,2520.000,USDT,0,0,34.296000
2026-08-26 11:47:11.707536,6750.00,BALANCE,0,0,0
2026-08-26 11:43:37.681491,5600.00,transa,0,0,0
2026-08-26 11:27:14.598972,3600.00,BALANCE,0,0,0
2026-08-26 11:24:35.552285,3600.00,BALANCE,0,0,0
2026-08-26 11:23:53.614506,5600.00,transa,0,0,0
2026-08-26 11:21:53.542919,5600.00,transa,0,0,0
2026-08-26 11:18:23.786362,2700.00,reptiloid,0,0,0
2026-08-26 11:06:51.536705,0.00,BALANCE,0,0,0
2026-08-26 10:10:27.239647,5600.00,transa,0,0,0
2026-08-26 09:58:45.908268,5500.00,transa,0,0,0
2026-08-26 07:03:55.026578,5600.00,transa,0,0,0
2026-08-26 02:26:58.731818,7800.00,reptiloid,0,0,0
2026-08-26 02:00:59.498055,2300.00,reptiloid,0,0,0
2026-08-25 23:00:43.837471,4500.00,reptiloid,0,0,0
2026-08-25 22:57:58.025142,5600.00,reptiloid,0,0,0
2026-08-25 22:21:43.432269,5600.00,card,0,0,0
2026-08-25 21:53:17.682704,3600.00,BALANCE,0,0,0
2026-08-25 21:52:30.697469,3600.00,reptiloid,0,0,0
2026-08-25 21:29:03.106451,0.00,BALANCE,0,0,0
2026-08-25 21:26:46.077152,0.00,BALANCE,0,0,0
2026-08-25 21:07:29.818509,5500.00,reptiloid,0,0,0
2026-08-25 20:20:09.29023,5600.00,reptiloid,0,0,0
2026-08-25 20:16:18.219077,7800.00,reptiloid,0,0,0
2026-08-25 20:14:58.506099,18050.00,BALANCE,0,0,0
2026-08-25 20:08:17.530559,7800.00,card,0,0,0
2026-08-25 19:41:06.474768,2500.00,reptiloid,0,0,0
2026-08-25 19:35:53.417785,3170.00,BALANCE,0,0,0
2026-08-25 19:23:29.782272,5600.00,transa,0,0,0
2026-08-25 19:19:57.082133,5600.00,reptiloid,0,0,0
2026-08-25 18:36:06.803778,5500.00,reptiloid,0,0,0
2026-08-25 18:32:27.420193,2700.00,reptiloid,0,0,0
2026-08-25 18:32:11.164383,7500.00,reptiloid,0,0,0
2026-08-25 18:23:24.387138,3600.00,reptiloid,0,0,0
2026-08-25 18:19:21.422602,2700.00,transa,0,0,0
2026-08-25 18:08:34.224176,5600.00,BALANCE,0,0,0
2026-08-25 18:03:33.891672,5600.00,reptiloid,0,0,0
2026-08-25 18:00:35.604656,2700.00,card,0,0,0
2026-08-25 17:53:10.658897,4220.00,BALANCE,0,0,0
2026-08-25 17:49:53.585468,7500.00,reptiloid,0,0,0
2026-08-25 17:21:44.905966,5400.00,BALANCE,0,0,0
2026-08-25 17:19:41.884593,5600.00,transa,0,0,0
2026-08-25 17:12:09.684196,2300.00,card,0,0,0
2026-08-25 17:02:16.725781,20000.00,reptiloid,0,0,0
2026-08-25 16:51:23.81416,1300.00,BALANCE,0,0,0
2026-08-25 16:45:57.285,2700.00,reptiloid,0,0,0
2026-08-25 16:23:33.975064,5040.00,BALANCE,0,0,0
2026-08-25 16:02:56.699745,3300.00,reptiloid,0,0,0
2026-08-25 15:46:37.101443,5600.00,reptiloid,0,0,0
2026-08-25 15:44:42.349944,2500.00,card,0,0,0
2026-08-25 15:20:24.25925,3120.00,BALANCE,0,0,0
2026-08-25 15:08:27.768123,3575.00,BALANCE,0,0,0
2026-08-25 15:01:43.76187,12000.00,card,0,0,0
2026-08-25 14:53:39.087428,3300.00,BALANCE,0,0,0
2026-08-25 14:47:12.244494,4760.00,BALANCE,0,0,0
2026-08-25 14:35:41.613486,3300.00,transa,0,0,0
2026-08-25 14:35:21.526412,5250.000,USDT,0,0,71.450000
2026-08-25 14:33:02.767442,5600.00,BALANCE,0,0,0
2026-08-25 14:23:26.464405,8200.00,transa,0,0,0
2026-08-25 14:23:14.467026,3600.00,transa,0,0,0
2026-08-25 14:23:05.733085,3850.000,USDT,0,0,52.397000
2026-08-25 14:03:54.693244,5500.00,reptiloid,0,0,0
2026-08-25 13:44:18.776795,5400.00,BALANCE,0,0,0
2026-08-25 13:34:05.130493,5600.00,card,0,0,0
2026-08-25 13:31:00.377129,1000.00,BALANCE,0,0,0
2026-08-25 13:15:23.563675,5600.00,card,0,0,0
2026-08-25 13:02:45.577825,2310.000,USDT,0,0,31.438000
2026-08-25 12:52:50.190324,5600.00,card,0,0,0
2026-08-25 12:48:32.671259,5600.00,reptiloid,0,0,0
2026-08-25 12:28:49.01782,5400.00,transa,0,0,0
2026-08-25 12:27:54.996815,5600.00,BALANCE,0,0,0
2026-08-25 12:25:35.892987,5500.00,transa,0,0,0
2026-08-25 12:20:58.020265,5500.00,reptiloid,0,0,0
2026-08-25 12:20:08.758763,2520.00,BALANCE,0,0,0
2026-08-25 12:11:24.022243,5600.00,reptiloid,0,0,0
2026-08-25 11:54:40.555197,5500.00,reptiloid,0,0,0
2026-08-25 11:52:21.294039,3600.00,BALANCE,0,0,0
2026-08-25 11:22:38.730782,3300.00,reptiloid,0,0,0
2026-08-25 10:49:55.186752,2500.00,reptiloid,0,0,0
2026-08-25 10:33:29.079391,5500.00,BALANCE,0,0,0
2026-08-25 10:13:37.314698,5400.00,reptiloid,0,0,0
2026-08-25 10:11:14.779581,0.00,BALANCE,0,0,0
2026-08-25 09:26:05.327715,5600.00,reptiloid,0,0,0
2026-08-25 08:59:22.952486,635.00,BALANCE,0,0,0
2026-08-25 08:53:47.442077,5600.00,reptiloid,0,0,0
2026-08-25 08:45:22.667675,3600.00,reptiloid,0,0,0
2026-08-25 08:26:14.386064,3300.00,card,0,0,0
2026-08-25 08:15:44.429188,2500.00,card,0,0,0
2026-08-25 07:11:20.267633,5250.000,USDT,0,0,71.450000
2026-08-25 05:46:29.573336,7500.00,card,0,0,0
2026-08-25 04:13:28.657013,5740.000,USDT,0,0,78.119000
2026-08-25 03:11:38.75525,3600.00,card,0,0,0
2026-08-25 03:10:49.215477,5210.00,BALANCE,0,0,0
2026-08-25 02:50:57.546407,8200.00,reptiloid,0,0,0
2026-08-25 01:27:13.240438,5600.00,transa,0,0,0
2026-08-25 01:25:55.459624,5600.00,transa,0,0,0
2026-08-25 00:10:45.718419,3600.00,reptiloid,0,0,0
2026-08-24 23:35:51.332514,5600.000,USDT,0,0,76.214000
2026-08-24 23:18:34.372515,5600.00,reptiloid,0,0,0
2026-08-24 22:46:15.276693,5600.00,card,0,0,0
2026-08-24 22:39:46.255991,8000.00,reptiloid,0,0,0
2026-08-24 22:21:59.921439,8200.00,reptiloid,0,0,0
2026-08-24 22:13:12.869744,5600.00,reptiloid,0,0,0
2026-08-24 21:56:16.389065,2500.00,transa,0,0,0
2026-08-24 21:38:55.358798,3600.00,transa,0,0,0
2026-08-24 21:18:54.753482,5600.00,reptiloid,0,0,0
2026-08-24 21:18:34.173327,4050.00,BALANCE,0,0,0
2026-08-24 21:08:05.960963,2300.00,nirvana,0,0,0
2026-08-24 20:39:05.201524,2385.00,BALANCE,0,0,0
2026-08-24 20:37:37.308415,3300.00,transa,0,0,0
2026-08-24 20:00:00.598314,5600.00,card,0,0,0
2026-08-24 19:53:35.156971,3600.00,card,0,0,0
2026-08-24 19:43:53.573765,5600.00,BALANCE,0,0,0
2026-08-24 19:36:47.755867,3185.00,BALANCE,0,0,0
2026-08-24 19:27:59.799714,3600.00,reptiloid,0,0,0
2026-08-24 19:21:36.461196,7800.00,transa,0,0,0
2026-08-24 19:19:03.595898,3600.00,card,0,0,0
2026-08-24 19:07:18.465795,1070.00,BALANCE,0,0,0
2026-08-24 19:03:56.984545,8200.00,card,0,0,0
2026-08-24 18:52:20.691299,8000.00,reptiloid,0,0,0
2026-08-24 18:52:07.271434,5600.00,reptiloid,0,0,0
2026-08-24 18:37:07.903148,19000.00,reptiloid,0,0,0
2026-08-24 18:26:02.489425,5600.00,BALANCE,0,0,0
2026-08-24 18:07:46.868761,5600.00,card,0,0,0
2026-08-24 17:47:38.999763,7800.00,card,0,0,0
2026-08-24 17:40:16.492042,635.00,BALANCE,0,0,0
2026-08-24 17:39:19.771581,4850.00,BALANCE,0,0,0
2026-08-24 17:33:09.778815,0.00,BALANCE,0,0,0
2026-08-24 17:32:11.533557,5600.00,nirvana,0,0,0
2026-08-24 17:25:19.923964,2520.000,USDT,0,0,34.296000
2026-08-24 17:24:48.307931,8050.000,USDT,0,0,109.557000
2026-08-24 17:17:39.171556,5600.00,reptiloid,0,0,0
2026-08-24 17:17:16.106324,5500.00,reptiloid,0,0,0
2026-08-24 16:44:44.822809,5210.00,BALANCE,0,0,0
2026-08-24 16:44:02.974828,2310.000,USDT,0,0,31.438000
2026-08-24 16:20:42.006004,8200.00,reptiloid,0,0,0
2026-08-24 16:11:11.408765,3650.00,BALANCE,0,0,0
2026-08-24 16:11:00.632412,5125.00,BALANCE,0,0,0
2026-08-24 16:05:41.287549,2700.00,card,0,0,0
2026-08-24 15:46:18.650705,4880.00,BALANCE,0,0,0
2026-08-24 15:38:30.397096,1900.00,BALANCE,0,0,0
2026-08-24 15:36:07.990825,1000.00,BALANCE,0,0,0
2026-08-24 15:33:28.170953,5600.000,USDT,0,0,76.214000
2026-08-24 15:26:41.225441,1000.00,BALANCE,0,0,0
2026-08-24 15:25:44.250049,1000.00,BALANCE,0,0,0
2026-08-24 15:25:31.689227,1000.00,BALANCE,0,0,0
2026-08-24 15:25:20.932328,1000.00,BALANCE,0,0,0
2026-08-24 15:24:01.244703,1000.00,BALANCE,0,0,0
2026-08-24 15:23:49.643843,1000.00,BALANCE,0,0,0
2026-08-24 15:23:37.056807,1000.00,BALANCE,0,0,0
2026-08-24 15:23:23.42245,1000.00,BALANCE,0,0,0
2026-08-24 15:11:14.427653,5500.00,reptiloid,0,0,0
2026-08-24 14:50:50.290721,5250.000,USDT,0,0,71.450000
2026-08-24 14:49:23.251304,3300.00,card,0,0,0
2026-08-24 14:43:58.696719,2500.00,BALANCE,0,0,0
2026-08-24 14:41:35.169495,3600.00,BALANCE,0,0,0
2026-08-24 14:35:23.5302,3300.00,reptiloid,0,0,0
2026-08-24 14:29:11.06192,2300.00,nirvana,0,0,0
2026-08-24 14:29:02.416289,5185.00,BALANCE,0,0,0
2026-08-24 14:14:51.584034,800.00,BALANCE,0,0,0
2026-08-24 14:09:49.642228,3600.00,reptiloid,0,0,0
2026-08-24 14:07:22.789735,2300.00,card,0,0,0
2026-08-24 14:07:12.171874,3300.00,card,0,0,0
2026-08-24 13:49:51.45019,5600.000,USDT,0,0,76.214000
2026-08-24 13:45:02.577403,7130.00,BALANCE,0,0,0
2026-08-24 13:33:05.217278,3030.00,BALANCE,0,0,0
2026-08-24 13:26:11.116107,3600.00,reptiloid,0,0,0
2026-08-24 13:08:48.371946,2300.00,transa,0,0,0
2026-08-24 12:45:23.333465,7500.00,reptiloid,0,0,0
2026-08-24 12:40:35.608061,7800.00,card,0,0,0
2026-08-24 12:14:06.59997,4800.00,BALANCE,0,0,0
2026-08-24 11:49:48.109982,5225.00,BALANCE,0,0,0
2026-08-24 11:46:27.221975,7020.00,BALANCE,0,0,0
2026-08-24 11:38:39.368818,5600.00,reptiloid,0,0,0
2026-08-24 11:12:13.283407,8000.00,card,0,0,0
2026-08-24 11:07:35.366493,5600.00,transa,0,0,0
2026-08-24 10:59:24.847511,3300.00,reptiloid,0,0,0
2026-08-24 08:59:22.436484,20000.00,BALANCE,0,0,0
2026-08-24 08:16:09.102198,3300.00,card,0,0,0
2026-08-24 07:07:47.750427,3300.00,card,0,0,0
2026-08-24 07:05:56.139043,7800.00,reptiloid,0,0,0
2026-08-24 06:46:19.433909,1900.00,BALANCE,0,0,0
2026-08-24 06:00:59.41983,200.00,BALANCE,0,0,0
2026-08-24 05:17:25.990844,7800.00,reptiloid,0,0,0
2026-08-24 05:09:58.228071,7800.00,transa,0,0,0
2026-08-24 04:28:35.222513,7800.00,reptiloid,0,0,0
2026-08-24 03:01:25.627842,3300.00,reptiloid,0,0,0
2026-08-24 02:58:16.325494,7500.00,reptiloid,0,0,0
2026-08-24 01:05:48.52688,4760.00,BALANCE,0,0,0
2026-08-24 00:47:18.532341,2700.00,reptiloid,0,0,0
2026-08-24 00:08:18.721483,3300.00,BALANCE,0,0,0
2026-08-24 00:04:23.729771,5600.00,reptiloid,0,0,0
2026-08-23 23:25:35.06416,2700.00,transa,0,0,0
2026-08-23 23:14:38.118827,5400.00,card,0,0,0
2026-08-23 22:04:33.918892,3300.00,BALANCE,0,0,0
2026-08-23 21:58:38.647551,3030.00,BALANCE,0,0,0
2026-08-23 21:55:43.672062,5600.00,reptiloid,0,0,0
2026-08-23 21:51:08.261693,3600.00,card,0,0,0
2026-08-23 21:38:34.213064,3600.00,reptiloid,0,0,0
2026-08-23 21:30:21.465152,3600.00,BALANCE,0,0,0
2026-08-23 21:28:52.522818,6850.00,BALANCE,0,0,0
2026-08-23 21:10:28.779996,2700.00,transa,0,0,0
2026-08-23 20:41:46.263537,2500.00,card,0,0,0
2026-08-23 20:40:29.478753,5600.00,card,0,0,0
2026-08-23 20:17:15.076209,3300.00,card,0,0,0
2026-08-23 20:13:14.501117,7800.00,reptiloid,0,0,0
2026-08-23 19:49:17.669963,5500.00,transa,0,0,0
2026-08-23 19:15:22.916489,7800.00,card,0,0,0
2026-08-23 18:32:48.294839,2970.00,BALANCE,0,0,0
2026-08-23 17:48:35.505944,5400.00,card,0,0,0
2026-08-23 17:42:09.738278,8200.00,card,0,0,0
2026-08-23 17:39:53.574839,0.00,BALANCE,0,0,0
2026-08-23 17:36:12.311004,0.00,BALANCE,0,0,0
2026-08-23 17:32:37.783041,0.00,BALANCE,0,0,0
2026-08-23 17:26:38.719376,5400.00,reptiloid,0,0,0
2026-08-23 17:02:29.128745,3300.00,reptiloid,0,0,0
2026-08-23 16:57:41.645074,7800.00,card,0,0,0
2026-08-23 16:54:44.624891,5500.00,reptiloid,0,0,0
2026-08-23 16:54:09.89784,2500.00,reptiloid,0,0,0
2026-08-23 16:42:13.645917,2500.00,reptiloid,0,0,0
2026-08-23 16:33:16.201569,3850.000,USDT,0,0,52.397000
2026-08-23 16:17:40.882525,8200.00,transa,0,0,0
2026-08-23 16:08:44.828838,7520.00,BALANCE,0,0,0
2026-08-23 16:05:14.788946,7340.00,BALANCE,0,0,0
2026-08-23 16:00:17.674532,20000.00,BALANCE,0,0,0
2026-08-23 15:57:01.971665,3300.00,reptiloid,0,0,0
2026-08-23 15:47:49.343117,7800.00,reptiloid,0,0,0
2026-08-23 15:44:51.272979,5500.00,BALANCE,0,0,0
2026-08-23 15:31:22.509405,3600.00,reptiloid,0,0,0
2026-08-23 14:52:46.176626,5500.00,reptiloid,0,0,0
2026-08-23 14:50:21.877534,4825.00,BALANCE,0,0,0
2026-08-23 14:44:53.78535,7800.00,card,0,0,0
2026-08-23 14:14:07.308653,5220.00,BALANCE,0,0,0
2026-08-23 13:56:12.230106,0.00,BALANCE,0,0,0
2026-08-23 13:54:18.64298,0.00,BALANCE,0,0,0
2026-08-23 13:30:57.202178,12500.00,reptiloid,0,0,0
2026-08-23 13:28:54.750586,7520.00,BALANCE,0,0,0
2026-08-23 13:21:21.872788,7800.00,transa,0,0,0
2026-08-23 13:08:50.71728,7850.00,BALANCE,0,0,0
2026-08-23 13:06:00.641469,5500.00,reptiloid,0,0,0
2026-08-23 12:36:48.504275,5500.00,reptiloid,0,0,0
2026-08-23 11:30:59.731434,7800.00,reptiloid,0,0,0
2026-08-23 11:27:13.162664,2500.00,reptiloid,0,0,0
2026-08-23 11:19:25.341709,4500.00,BALANCE,0,0,0
2026-08-23 11:11:36.221829,5500.00,reptiloid,0,0,0
2026-08-23 11:03:34.144813,2500.00,reptiloid,0,0,0
2026-08-23 10:51:50.594193,8200.00,reptiloid,0,0,0
2026-08-23 10:15:58.492238,5500.00,reptiloid,0,0,0
2026-08-23 09:00:41.593327,5105.00,BALANCE,0,0,0
2026-08-23 08:02:03.692301,7800.00,reptiloid,0,0,0
2026-08-23 07:24:04.994346,3850.000,USDT,0,0,52.397000
2026-08-23 07:10:12.579544,7800.00,reptiloid,0,0,0
2026-08-23 06:48:03.210944,0.00,BALANCE,0,0,0
2026-08-23 06:45:12.651499,5500.00,transa,0,0,0
2026-08-23 02:39:53.15712,2550.00,BALANCE,0,0,0
2026-08-23 00:22:06.354233,20000.00,reptiloid,0,0,0
2026-08-22 23:42:53.875643,5500.00,reptiloid,0,0,0
2026-08-22 23:08:37.633995,7800.00,transa,0,0,0
2026-08-22 23:05:14.41658,8200.00,reptiloid,0,0,0
2026-08-22 23:02:41.144921,8200.00,BALANCE,0,0,0
2026-08-22 22:46:42.67376,0.00,BALANCE,0,0,0
2026-08-22 22:39:41.898852,7800.00,transa,0,0,0
2026-08-22 22:33:27.252849,5500.00,reptiloid,0,0,0
2026-08-22 22:30:40.400109,7800.00,transa,0,0,0
2026-08-22 22:10:50.91767,8200.00,reptiloid,0,0,0
2026-08-22 22:07:07.416056,4860.00,BALANCE,0,0,0
2026-08-22 22:04:25.434353,5500.00,BALANCE,0,0,0
2026-08-22 21:10:52.435852,2500.00,card,0,0,0
2026-08-22 21:10:11.299655,190.00,BALANCE,0,0,0
2026-08-22 20:58:47.95598,0.00,BALANCE,0,0,0
2026-08-22 20:50:43.9271,5500.00,reptiloid,0,0,0
2026-08-22 20:48:00.533928,19000.00,reptiloid,0,0,0
2026-08-22 20:45:13.188011,1875.00,BALANCE,0,0,0
2026-08-22 20:35:02.272075,2500.00,reptiloid,0,0,0
2026-08-22 20:24:36.40855,3000.00,BALANCE,0,0,0
2026-08-22 20:14:10.18157,1750.000,USDT,0,0,23.817000
2026-08-22 20:14:08.889397,305.00,BALANCE,0,0,0
2026-08-22 20:10:57.967178,7800.00,reptiloid,0,0,0
2026-08-22 20:07:39.280319,3300.00,nirvana,0,0,0
2026-08-22 19:54:10.066868,3030.00,BALANCE,0,0,0
2026-08-22 19:38:31.732753,7800.00,card,0,0,0
2026-08-22 19:24:45.513775,0.00,BALANCE,0,0,0
2026-08-22 19:21:10.194433,7800.00,reptiloid,0,0,0
2026-08-22 19:07:48.036129,4500.00,BALANCE,0,0,0
2026-08-22 18:54:13.900484,7500.00,reptiloid,0,0,0
2026-08-22 18:34:19.309102,2325.00,BALANCE,0,0,0
2026-08-22 18:28:50.951584,2500.00,reptiloid,0,0,0
2026-08-22 18:25:57.065399,2500.00,reptiloid,0,0,0
2026-08-22 18:22:34.700742,2500.00,reptiloid,0,0,0
2026-08-22 18:13:36.268434,5500.00,reptiloid,0,0,0
2026-08-22 18:01:34.640449,2500.00,reptiloid,0,0,0
2026-08-22 17:45:51.895218,3850.000,USDT,0,0,52.397000
2026-08-22 17:40:57.022584,5500.00,reptiloid,0,0,0
2026-08-22 17:39:09.545706,5500.00,reptiloid,0,0,0
2026-08-22 17:28:30.925421,1750.000,USDT,0,0,23.817000
2026-08-22 17:25:09.439343,5500.00,reptiloid,0,0,0
2026-08-22 17:19:39.744623,800.00,BALANCE,0,0,0
2026-08-22 17:17:22.794821,1900.00,BALANCE,0,0,0
2026-08-22 17:14:50.781632,7500.00,transa,0,0,0
2026-08-22 17:04:00.468937,5400.00,card,0,0,0
2026-08-22 15:44:52.272007,2500.00,BALANCE,0,0,0
2026-08-22 15:40:05.54337,7500.00,transa,0,0,0
2026-08-22 15:23:55.348371,5400.00,transa,0,0,0
2026-08-22 15:05:56.415307,4575.00,BALANCE,0,0,0
2026-08-22 15:02:34.774536,2500.00,transa,0,0,0
2026-08-22 14:26:01.490154,2500.00,nirvana,0,0,0
2026-08-22 13:31:00.54358,5400.00,nirvana,0,0,0
2026-08-22 13:28:12.712392,5400.00,nirvana,0,0,0
2026-08-22 13:25:46.870215,3600.00,transa,0,0,0
2026-08-22 13:21:26.793066,4955.00,BALANCE,0,0,0
2026-08-22 13:06:48.901425,5400.00,BALANCE,0,0,0
2026-08-22 12:56:01.875632,3300.00,nirvana,0,0,0
2026-08-22 12:09:46.849141,5250.000,USDT,0,0,71.450000
2026-08-22 12:09:12.837527,3300.00,reptiloid,0,0,0
2026-08-22 11:37:21.722205,3300.00,reptiloid,0,0,0
2026-08-22 11:13:16.353915,3300.00,reptiloid,0,0,0
2026-08-22 10:00:27.192526,7500.00,reptiloid,0,0,0
2026-08-22 08:45:59.513143,3300.00,reptiloid,0,0,0
2026-08-22 08:18:04.519532,7500.00,reptiloid,0,0,0
2026-08-22 08:10:21.155777,2300.00,reptiloid,0,0,0
2026-08-22 05:52:39.413527,5600.00,transa,0,0,0
2026-08-22 04:57:49.260106,11500.00,reptiloid,0,0,0
2026-08-22 04:52:28.635015,3300.00,reptiloid,0,0,0
2026-08-22 04:35:13.193261,3300.00,reptiloid,0,0,0
2026-08-22 03:42:52.219112,5600.00,reptiloid,0,0,0
2026-08-22 03:23:47.64522,5500.00,transa,0,0,0
2026-08-22 03:12:18.372694,3300.00,reptiloid,0,0,0
2026-08-22 02:57:25.375309,7790.00,BALANCE,0,0,0
2026-08-22 02:39:05.704349,5500.00,transa,0,0,0
2026-08-22 01:31:53.263195,5250.000,USDT,0,0,71.450000
2026-08-22 01:27:29.494715,0.00,BALANCE,0,0,0
2026-08-22 00:39:02.010157,1610.000,USDT,0,0,21.911000
2026-08-21 23:55:01.412645,3300.00,transa,0,0,0
2026-08-21 23:18:15.961759,5600.00,reptiloid,0,0,0
2026-08-21 23:03:11.198598,5600.00,reptiloid,0,0,0
2026-08-21 22:57:24.763363,3850.000,USDT,0,0,52.397000
2026-08-21 22:46:30.997167,20000.00,transa,0,0,0
2026-08-21 22:40:06.522812,5500.00,reptiloid,0,0,0
2026-08-21 22:39:48.72429,5225.00,BALANCE,0,0,0
2026-08-21 22:31:10.19044,5400.00,reptiloid,0,0,0
2026-08-21 22:25:22.308668,1610.000,USDT,0,0,21.911000
2026-08-21 22:11:33.652688,7500.00,reptiloid,0,0,0
2026-08-21 22:08:41.672041,5400.00,reptiloid,0,0,0
2026-08-21 22:07:28.515961,7500.00,reptiloid,0,0,0
2026-08-21 21:52:50.176028,7500.00,reptiloid,0,0,0
2026-08-21 21:51:07.259629,4500.00,reptiloid,0,0,0
2026-08-21 21:51:06.560834,2300.00,reptiloid,0,0,0
2026-08-21 21:39:02.13588,18050.00,BALANCE,0,0,0
2026-08-21 21:35:05.321544,2300.00,transa,0,0,0
2026-08-21 20:37:23.123698,7500.00,reptiloid,0,0,0
2026-08-21 20:23:48.01353,2475.00,BALANCE,0,0,0
2026-08-21 20:18:38.928535,5400.00,card,0,0,0
2026-08-21 20:14:04.151309,5600.000,USDT,0,0,76.214000
2026-08-21 20:09:42.159844,5600.00,reptiloid,0,0,0
2026-08-21 20:04:59.240067,5200.00,BALANCE,0,0,0
2026-08-21 19:59:52.259406,7500.00,reptiloid,0,0,0
2026-08-21 19:54:48.847084,3300.00,reptiloid,0,0,0
2026-08-21 19:49:20.890377,2300.00,card,0,0,0
2026-08-21 19:37:14.395242,2300.00,reptiloid,0,0,0
2026-08-21 19:33:44.152306,5500.00,card,0,0,0
2026-08-21 19:30:13.006798,2300.00,reptiloid,0,0,0
2026-08-21 19:23:07.936892,5400.00,reptiloid,0,0,0
2026-08-21 19:14:55.602162,5600.00,BALANCE,0,0,0
2026-08-21 19:13:52.082252,7500.00,reptiloid,0,0,0
2026-08-21 19:10:29.724691,5600.00,reptiloid,0,0,0
2026-08-21 18:53:39.034275,5600.00,reptiloid,0,0,0
2026-08-21 18:47:49.322546,5500.00,reptiloid,0,0,0
2026-08-21 18:46:09.0285,2300.00,reptiloid,0,0,0
2026-08-21 18:43:44.454556,5600.00,reptiloid,0,0,0
2026-08-21 18:43:24.181399,455.00,BALANCE,0,0,0
2026-08-21 18:42:09.462368,1910.00,BALANCE,0,0,0
2026-08-21 18:32:32.78788,420.00,BALANCE,0,0,0
2026-08-21 18:25:47.220065,2300.00,transa,0,0,0
2026-08-21 18:24:07.204933,5400.00,BALANCE,0,0,0
2026-08-21 18:23:34.786278,3135.00,BALANCE,0,0,0
2026-08-21 18:20:50.582658,5400.00,reptiloid,0,0,0
2026-08-21 17:44:34.124963,2300.00,reptiloid,0,0,0
2026-08-21 17:40:54.474157,5500.00,reptiloid,0,0,0
2026-08-21 17:39:54.962123,3300.00,transa,0,0,0
2026-08-21 17:36:41.579986,5500.00,reptiloid,0,0,0
2026-08-21 17:33:44.10094,2300.00,reptiloid,0,0,0
2026-08-21 17:32:06.930212,5500.00,reptiloid,0,0,0
2026-08-21 17:26:04.912423,5500.00,reptiloid,0,0,0
2026-08-21 17:08:22.84978,3300.00,reptiloid,0,0,0
2026-08-21 16:58:24.611323,5600.00,reptiloid,0,0,0
2026-08-21 16:57:18.784906,5500.00,reptiloid,0,0,0
2026-08-21 16:35:09.961509,525.00,BALANCE,0,0,0
2026-08-21 16:30:31.223446,5600.00,reptiloid,0,0,0
2026-08-21 16:05:30.910425,3300.00,reptiloid,0,0,0
2026-08-21 16:04:53.922526,0.00,BALANCE,0,0,0
2026-08-21 16:02:24.2683,4930.00,BALANCE,0,0,0
2026-08-21 15:54:04.454617,2300.00,reptiloid,0,0,0
2026-08-21 15:43:11.117801,8200.00,BALANCE,0,0,0
2026-08-21 15:38:09.640038,5600.00,reptiloid,0,0,0
2026-08-21 15:28:49.686044,7500.00,reptiloid,0,0,0
2026-08-21 15:23:07.021402,0.00,BALANCE,0,0,0
2026-08-21 15:14:27.250364,3850.000,USDT,0,0,52.397000
2026-08-21 15:14:20.793656,2300.00,reptiloid,0,0,0
2026-08-21 14:52:40.065177,5600.00,BALANCE,0,0,0
2026-08-21 14:45:23.747926,3850.000,USDT,0,0,52.397000
2026-08-21 14:41:45.86103,3300.00,BALANCE,0,0,0
2026-08-21 14:41:02.320149,7500.00,reptiloid,0,0,0
2026-08-21 14:29:33.746595,5400.00,reptiloid,0,0,0
2026-08-21 14:24:34.530134,2300.00,reptiloid,0,0,0
2026-08-21 14:14:42.236204,8200.00,reptiloid,0,0,0
2026-08-21 14:08:43.47489,5500.00,reptiloid,0,0,0
2026-08-21 13:54:19.853659,5320.00,BALANCE,0,0,0
2026-08-21 13:34:43.80175,2970.00,BALANCE,0,0,0
2026-08-21 13:27:36.669427,1100.00,BALANCE,0,0,0
2026-08-21 13:05:10.425953,8200.00,BALANCE,0,0,0
2026-08-21 12:58:06.260736,2300.00,reptiloid,0,0,0
2026-08-21 12:42:32.011793,5600.00,BALANCE,0,0,0
2026-08-21 12:21:43.986515,5600.00,reptiloid,0,0,0
2026-08-21 11:47:01.224941,2300.00,reptiloid,0,0,0
2026-08-21 11:20:29.141641,5600.00,BALANCE,0,0,0
2026-08-21 11:19:49.523584,7170.00,BALANCE,0,0,0
2026-08-21 11:19:48.332434,5600.00,card,0,0,0
2026-08-21 11:18:10.859306,8200.00,reptiloid,0,0,0
2026-08-21 11:14:56.515344,5210.00,BALANCE,0,0,0
2026-08-21 10:07:06.19375,5600.00,reptiloid,0,0,0
2026-08-21 10:06:42.167652,3300.00,BALANCE,0,0,0
2026-08-21 10:03:25.049149,5500.00,card,0,0,0
2026-08-21 09:53:04.108339,3300.00,card,0,0,0
2026-08-21 09:16:11.654816,8200.00,reptiloid,0,0,0
2026-08-21 08:01:19.001065,8200.00,reptiloid,0,0,0
2026-08-21 07:40:48.334665,1100.00,BALANCE,0,0,0
2026-08-21 07:06:32.205881,4965.00,BALANCE,0,0,0
2026-08-21 06:58:48.804928,3600.00,reptiloid,0,0,0
2026-08-21 05:57:15.890842,5740.000,USDT,0,0,78.119000
2026-08-21 05:02:01.557461,5400.00,reptiloid,0,0,0
2026-08-21 04:56:18.785091,5500.00,reptiloid,0,0,0
2026-08-21 04:36:13.45953,5500.00,reptiloid,0,0,0
2026-08-21 04:02:16.589948,5600.00,reptiloid,0,0,0
2026-08-21 03:39:47.606696,5600.00,reptiloid,0,0,0
