date_time,amount,method,btc,ltc,usdt
2026-06-29 21:20:11.493442,655.00,BALANCE,0,0,0
2026-06-29 21:17:08.211293,1200.00,BALANCE,0,0,0
2026-06-29 20:09:36.934747,3200.00,card,0,0,0
2026-06-29 19:47:18.091152,3200.00,BALANCE,0,0,0
2026-06-29 19:32:16.501828,980.00,BALANCE,0,0,0
2026-06-29 19:30:35.605266,2800.00,transa,0,0,0
2026-06-29 19:22:25.674465,3200.00,transa,0,0,0
2026-06-29 19:09:03.829726,3035.00,BALANCE,0,0,0
2026-06-29 19:05:52.850571,925.00,BALANCE,0,0,0
2026-06-29 18:58:52.034286,3200.00,BALANCE,0,0,0
2026-06-29 18:57:08.215123,3045.00,BALANCE,0,0,0
2026-06-29 18:41:13.773824,1148.50,BALANCE,0,0,0
2026-06-29 18:25:31.714057,3200.00,transa,0,0,0
2026-06-29 18:22:55.508661,14000.00,transa,0,0,0
2026-06-29 18:15:54.011366,2800.00,card,0,0,0
2026-06-29 17:27:36.76413,2800.00,transa,0,0,0
2026-06-29 17:13:30.599841,3045.00,BALANCE,0,0,0
2026-06-29 16:00:04.924946,3700.00,card,0,0,0
2026-06-29 15:49:30.315283,3700.00,transa,0,0,0
2026-06-29 14:47:30.798735,3200.00,transa,0,0,0
2026-06-29 14:36:28.877214,3045.00,BALANCE,0,0,0
2026-06-29 14:23:10.58523,3200.00,transa,0,0,0
2026-06-29 14:20:48.858373,2740.00,BALANCE,0,0,0
2026-06-29 13:31:27.345069,3065.00,BALANCE,0,0,0
2026-06-29 13:04:53.967699,2667.50,BALANCE,0,0,0
2026-06-29 13:01:26.7346,0.00,BALANCE,0,0,0
2026-06-29 12:32:20.570523,760.00,BALANCE,0,0,0
2026-06-29 11:57:50.949883,3200.00,card,0,0,0
2026-06-29 11:40:02.824357,3700.00,BALANCE,0,0,0
2026-06-29 11:11:37.132089,3200.00,BALANCE,0,0,0
2026-06-29 10:55:10.866617,3200.00,transa,0,0,0
2026-06-29 10:47:59.855118,3200.00,transa,0,0,0
2026-06-29 10:44:59.168434,3050.00,BALANCE,0,0,0
2026-06-29 10:42:10.999705,8500.00,transa,0,0,0
2026-06-29 10:36:52.255314,3200.00,card,0,0,0
2026-06-29 10:18:11.065186,2800.00,transa,0,0,0
2026-06-29 06:54:03.323895,3600.00,BALANCE,0,0,0
2026-06-29 06:43:03.026313,3200.00,BALANCE,0,0,0
2026-06-29 03:05:45.615024,3200.00,transa,0,0,0
2026-06-29 02:45:09.212216,3200.00,BALANCE,0,0,0
2026-06-29 02:19:08.637283,3200.00,card,0,0,0
2026-06-29 01:55:00.174328,3200.00,BALANCE,0,0,0
2026-06-29 01:53:38.983822,2887.50,BALANCE,0,0,0
2026-06-29 01:38:38.104622,3200.00,transa,0,0,0
2026-06-29 00:19:45.403568,3200.00,transa,0,0,0
2026-06-28 23:39:31.470911,3700.00,transa,0,0,0
2026-06-28 23:26:31.97905,8200.00,transa,0,0,0
2026-06-28 21:56:32.97821,3200.00,transa,0,0,0
2026-06-28 21:40:50.268952,2965.00,BALANCE,0,0,0
2026-06-28 21:39:21.441151,957.50,BALANCE,0,0,0
2026-06-28 21:24:15.430919,12500.00,BALANCE,0,0,0
2026-06-28 21:21:38.72551,21000.00,BALANCE,0,0,0
2026-06-28 21:20:35.817226,38000.00,BALANCE,0,0,0
2026-06-28 21:14:12.545053,1170.00,BALANCE,0,0,0
2026-06-28 21:08:24.965782,3200.00,transa,0,0,0
2026-06-28 20:56:55.010449,1140.00,BALANCE,0,0,0
2026-06-28 20:54:21.450972,3200.00,transa,0,0,0
2026-06-28 20:52:29.365462,2800.00,transa,0,0,0
2026-06-28 20:47:57.849926,13975.00,BALANCE,0,0,0
2026-06-28 20:42:55.882801,3200.00,transa,0,0,0
2026-06-28 20:17:08.012468,3100.00,BALANCE,0,0,0
2026-06-28 20:13:29.751614,3200.00,transa,0,0,0
2026-06-28 19:54:21.869882,1700.00,BALANCE,0,0,0
2026-06-28 19:43:01.604952,3200.00,transa,0,0,0
2026-06-28 19:34:52.891124,1520.00,BALANCE,0,0,0
2026-06-28 19:32:27.874814,1325.00,BALANCE,0,0,0
2026-06-28 19:31:57.309667,6500.00,BALANCE,0,0,0
2026-06-28 19:02:09.381099,0.00,BALANCE,0,0,0
2026-06-28 18:56:37.407321,3200.00,transa,0,0,0
2026-06-28 18:51:42.106006,2530.00,BALANCE,0,0,0
2026-06-28 18:35:09.432465,4500.00,BALANCE,0,0,0
2026-06-28 18:33:06.668128,3040.00,BALANCE,0,0,0
2026-06-28 18:21:38.276219,1140.00,BALANCE,0,0,0
2026-06-28 17:46:53.796473,4500.00,transa,0,0,0
2026-06-28 17:31:04.459935,4500.00,card,0,0,0
2026-06-28 16:53:42.672357,4275.00,BALANCE,0,0,0
2026-06-28 16:40:32.230251,800.00,BALANCE,0,0,0
2026-06-28 16:40:02.113216,300.00,BALANCE,0,0,0
2026-06-28 15:54:41.814853,4500.00,card,0,0,0
2026-06-28 15:40:32.467777,1145.00,BALANCE,0,0,0
2026-06-28 15:31:32.022634,2775.00,BALANCE,0,0,0
2026-06-28 15:25:19.252007,3150.000,USDT,0,0,44.883000
2026-06-28 15:14:46.259871,2185.00,BALANCE,0,0,0
2026-06-28 15:11:25.928106,4500.00,card,0,0,0
2026-06-28 14:08:40.457208,13085.00,BALANCE,0,0,0
2026-06-28 13:19:36.679476,1200.00,BALANCE,0,0,0
2026-06-28 13:19:19.015508,14000.00,transa,0,0,0
2026-06-28 13:05:40.817104,2612.50,BALANCE,0,0,0
2026-06-28 13:00:45.247846,3200.00,card,0,0,0
2026-06-28 12:49:41.101688,3200.00,transa,0,0,0
2026-06-28 11:52:58.828263,3050.00,BALANCE,0,0,0
2026-06-28 11:41:27.376133,1330.00,BALANCE,0,0,0
2026-06-28 11:40:13.59747,3200.00,transa,0,0,0
2026-06-28 11:36:59.792326,2665.80,BALANCE,0,0,0
2026-06-28 11:23:47.504009,3055.00,BALANCE,0,0,0
2026-06-28 11:12:32.051026,1200.00,BALANCE,0,0,0
2026-06-28 11:05:06.929206,3052.50,BALANCE,0,0,0
2026-06-28 10:44:35.507301,3200.00,BALANCE,0,0,0
2026-06-28 10:42:21.712404,800.00,BALANCE,0,0,0
2026-06-28 10:20:50.301395,760.00,BALANCE,0,0,0
2026-06-28 10:12:45.423367,2394.00,BALANCE,0,0,0
2026-06-28 10:04:55.778673,12000.00,BALANCE,0,0,0
2026-06-28 10:01:44.740207,14000.00,transa,0,0,0
2026-06-28 09:59:18.108374,2800.00,transa,0,0,0
2026-06-28 09:42:57.855235,2800.00,transa,0,0,0
2026-06-28 09:15:58.258218,9800.000,USDT,0,0,139.637000
2026-06-28 09:05:18.569274,3200.00,transa,0,0,0
2026-06-28 07:45:06.275579,1200.00,BALANCE,0,0,0
2026-06-28 01:09:48.974609,0.00,BALANCE,0,0,0
2026-06-28 01:02:54.413446,3200.00,transa,0,0,0
2026-06-28 00:18:14.275585,3200.00,BALANCE,0,0,0
2026-06-28 00:17:19.237808,990.00,BALANCE,0,0,0
2026-06-28 00:02:37.93574,14000.00,BALANCE,0,0,0
2026-06-27 23:04:53.09416,3200.00,transa,0,0,0
2026-06-27 21:22:40.06311,4500.00,transa,0,0,0
2026-06-27 21:19:42.441509,3150.000,USDT,0,0,44.883000
2026-06-27 20:48:14.619649,14000.00,transa,0,0,0
2026-06-27 20:12:38.524753,2375.00,BALANCE,0,0,0
2026-06-27 19:41:28.327469,2375.00,BALANCE,0,0,0
2026-06-27 19:35:23.468191,3150.000,USDT,0,0,44.883000
2026-06-27 19:28:25.45802,4275.00,BALANCE,0,0,0
2026-06-27 19:15:55.126544,4275.00,BALANCE,0,0,0
2026-06-27 19:12:45.995709,4275.00,BALANCE,0,0,0
2026-06-27 19:10:25.389493,950.00,BALANCE,0,0,0
2026-06-27 19:04:31.984572,0.00,BALANCE,0,0,0
2026-06-27 18:43:24.699157,1497.50,BALANCE,0,0,0
2026-06-27 18:43:09.941448,14000.00,transa,0,0,0
2026-06-27 18:39:28.30994,3035.00,BALANCE,0,0,0
2026-06-27 18:27:17.628978,1140.00,BALANCE,0,0,0
2026-06-27 17:38:54.090317,3200.00,transa,0,0,0
2026-06-27 16:31:41.137465,3040.00,BALANCE,0,0,0
2026-06-27 16:05:51.472112,2220.00,BALANCE,0,0,0
2026-06-27 15:23:46.946567,900.00,BALANCE,0,0,0
2026-06-27 15:15:27.305578,3200.00,transa,0,0,0
2026-06-27 14:13:54.818256,3200.00,BALANCE,0,0,0
2026-06-27 14:07:56.533614,3200.00,BALANCE,0,0,0
2026-06-27 13:59:02.828595,8200.00,transa,0,0,0
2026-06-27 13:53:46.057802,3175.00,BALANCE,0,0,0
2026-06-27 13:45:44.94174,3060.00,BALANCE,0,0,0
2026-06-27 12:46:53.381613,3200.00,BALANCE,0,0,0
2026-06-27 11:58:52.885113,2800.00,BALANCE,0,0,0
2026-06-27 11:58:38.611346,3200.00,card,0,0,0
2026-06-27 11:55:42.439624,3040.00,BALANCE,0,0,0
2026-06-27 11:39:48.534886,2800.00,transa,0,0,0
2026-06-27 11:38:48.030782,3042.50,BALANCE,0,0,0
2026-06-27 10:25:33.785784,2800.00,transa,0,0,0
2026-06-27 10:18:47.3562,4500.00,transa,0,0,0
2026-06-27 08:26:15.442251,3200.00,BALANCE,0,0,0
2026-06-27 05:06:03.258999,3200.00,card,0,0,0
2026-06-27 04:52:41.404756,3200.00,card,0,0,0
2026-06-27 01:44:38.290358,4500.00,transa,0,0,0
2026-06-27 00:08:10.88378,4500.00,transa,0,0,0
2026-06-26 23:09:37.66957,3182.50,BALANCE,0,0,0
2026-06-26 22:46:18.897957,635.00,BALANCE,0,0,0
2026-06-26 22:29:58.397588,4500.00,transa,0,0,0
2026-06-26 21:57:15.32594,4500.00,transa,0,0,0
2026-06-26 21:08:28.239115,2500.00,BALANCE,0,0,0
2026-06-26 20:21:43.407205,4500.00,transa,0,0,0
2026-06-26 20:16:57.855797,0.00,BALANCE,0,0,0
2026-06-26 20:03:51.707707,4285.00,BALANCE,0,0,0
2026-06-26 20:02:53.347325,4290.00,BALANCE,0,0,0
2026-06-26 19:58:57.237615,4295.00,BALANCE,0,0,0
2026-06-26 19:52:05.008653,4275.00,BALANCE,0,0,0
2026-06-26 19:46:50.376799,2397.50,BALANCE,0,0,0
2026-06-26 19:32:24.404918,1947.50,BALANCE,0,0,0
2026-06-26 19:17:32.430479,4500.00,transa,0,0,0
2026-06-26 19:16:11.328608,4285.00,BALANCE,0,0,0
2026-06-26 19:14:17.467544,4500.00,transa,0,0,0
2026-06-26 18:59:20.368869,4275.00,BALANCE,0,0,0
2026-06-26 18:52:52.331117,4500.00,transa,0,0,0
2026-06-26 18:29:10.421434,2800.00,transa,0,0,0
2026-06-26 16:17:52.58127,12500.00,BALANCE,0,0,0
2026-06-26 16:14:51.651758,21000.00,BALANCE,0,0,0
2026-06-26 15:27:51.122636,2850.00,BALANCE,0,0,0
2026-06-26 15:24:41.580729,38000.00,BALANCE,0,0,0
2026-06-26 15:13:18.838181,2800.00,transa,0,0,0
2026-06-26 14:11:19.779202,2660.00,BALANCE,0,0,0
2026-06-26 13:53:59.190809,4500.00,transa,0,0,0
2026-06-26 13:03:50.47727,0.00,BALANCE,0,0,0
2026-06-26 12:55:44.564257,2530.00,BALANCE,0,0,0
2026-06-26 12:45:20.814806,4500.00,transa,0,0,0
2026-06-26 12:03:54.422599,4500.00,transa,0,0,0
2026-06-26 11:53:12.734042,2660.00,BALANCE,0,0,0
2026-06-26 11:25:02.616747,4275.00,BALANCE,0,0,0
2026-06-26 11:04:04.475687,4500.00,card,0,0,0
2026-06-26 08:23:26.689701,2800.00,transa,0,0,0
2026-06-26 07:03:44.221099,4280.00,BALANCE,0,0,0
2026-06-26 06:06:29.895052,2755.00,BALANCE,0,0,0
2026-06-26 04:55:09.302558,2800.00,transa,0,0,0
2026-06-26 03:10:32.411449,2800.00,card,0,0,0
2026-06-26 03:04:19.310161,4500.00,transa,0,0,0
2026-06-25 23:23:12.70402,3000.00,transa,0,0,0
2026-06-25 23:18:28.261326,2385.00,BALANCE,0,0,0
2026-06-25 23:05:54.798099,1245.00,BALANCE,0,0,0
2026-06-25 22:31:49.809233,2617.00,BALANCE,0,0,0
2026-06-25 22:23:15.526935,2385.00,BALANCE,0,0,0
2026-06-25 22:07:07.5974,3000.00,transa,0,0,0
2026-06-25 21:10:46.539729,4500.00,transa,0,0,0
2026-06-25 21:08:30.817477,4275.00,BALANCE,0,0,0
2026-06-25 20:53:25.850431,2800.00,transa,0,0,0
2026-06-25 20:02:44.011491,3150.000,USDT,0,0,44.883000
2026-06-25 20:00:36.250401,1812.25,BALANCE,0,0,0
2026-06-25 19:51:46.879684,2145.00,BALANCE,0,0,0
2026-06-25 19:50:40.780628,4500.00,transa,0,0,0
2026-06-25 19:02:45.404081,2755.00,BALANCE,0,0,0
2026-06-25 18:55:44.546204,8200.00,transa,0,0,0
2026-06-25 18:37:55.442037,1400.00,BALANCE,0,0,0
2026-06-25 18:33:38.801622,4280.00,BALANCE,0,0,0
2026-06-25 17:47:51.580233,4275.00,BALANCE,0,0,0
2026-06-25 17:35:11.501059,4500.00,card,0,0,0
2026-06-25 17:32:51.799448,4285.00,BALANCE,0,0,0
2026-06-25 17:26:21.806754,3905.00,BALANCE,0,0,0
2026-06-25 17:23:12.918503,4500.00,transa,0,0,0
2026-06-25 17:12:41.384505,2500.00,BALANCE,0,0,0
2026-06-25 16:48:51.736456,1400.00,BALANCE,0,0,0
2026-06-25 16:36:17.236765,2500.00,BALANCE,0,0,0
2026-06-25 16:25:11.333101,3040.00,BALANCE,0,0,0
2026-06-25 15:40:17.385548,4500.00,card,0,0,0
2026-06-25 15:18:14.65502,3150.000,USDT,0,0,44.883000
2026-06-25 15:08:10.753735,3350.00,BALANCE,0,0,0
2026-06-25 14:57:09.664739,2800.00,BALANCE,0,0,0
2026-06-25 14:51:35.35243,4500.00,transa,0,0,0
2026-06-25 14:46:30.252511,0.00,BALANCE,0,0,0
2026-06-25 14:44:59.504082,4500.00,transa,0,0,0
2026-06-25 13:50:04.192415,4500.00,card,0,0,0
2026-06-25 13:49:24.813147,4500.00,transa,0,0,0
2026-06-25 12:58:59.240363,2800.00,transa,0,0,0
2026-06-25 12:55:42.129224,4500.00,transa,0,0,0
2026-06-25 12:26:40.231582,2900.00,transa,0,0,0
2026-06-25 12:20:38.549183,4500.00,transa,0,0,0
2026-06-25 12:07:18.058247,2175.00,BALANCE,0,0,0
2026-06-25 11:26:04.922611,2800.00,transa,0,0,0
2026-06-25 10:34:35.414874,2757.05,BALANCE,0,0,0
2026-06-25 10:15:38.488371,1947.50,BALANCE,0,0,0
2026-06-25 09:45:27.924493,4345.00,BALANCE,0,0,0
2026-06-25 08:39:39.117432,1000.00,BALANCE,0,0,0
2026-06-25 07:59:51.368156,4500.00,transa,0,0,0
2026-06-25 06:58:06.214152,4285.00,BALANCE,0,0,0
2026-06-25 06:35:43.475876,0.00,BALANCE,0,0,0
2026-06-25 05:37:41.348878,4280.00,BALANCE,0,0,0
2026-06-25 02:38:52.520317,4500.00,transa,0,0,0
2026-06-24 23:23:04.534031,0.00,BALANCE,0,0,0
2026-06-24 23:09:22.928705,885.00,BALANCE,0,0,0
2026-06-24 22:20:37.486243,8200.00,transa,0,0,0
2026-06-24 22:11:26.161909,627.50,BALANCE,0,0,0
2026-06-24 21:38:15.095859,4315.00,BALANCE,0,0,0
2026-06-24 21:34:38.433852,2800.00,card,0,0,0
2026-06-24 21:29:34.663444,750.00,BALANCE,0,0,0
2026-06-24 21:26:06.433265,4500.00,transa,0,0,0
2026-06-24 21:20:17.338011,2800.00,transa,0,0,0
2026-06-24 21:19:11.219466,1960.000,USDT,0,0,27.927000
2026-06-24 21:17:26.981851,2220.00,BALANCE,0,0,0
2026-06-24 19:39:00.318567,0.00,BALANCE,0,0,0
2026-06-24 19:38:39.187138,0.00,BALANCE,0,0,0
2026-06-24 19:31:08.022889,1950.00,BALANCE,0,0,0
2026-06-24 19:06:35.148416,3150.000,USDT,0,0,44.883000
2026-06-24 19:03:01.900887,760.00,BALANCE,0,0,0
2026-06-24 18:56:29.295225,4500.00,transa,0,0,0
2026-06-24 18:26:26.693177,2800.00,transa,0,0,0
2026-06-24 18:26:12.867802,4500.00,transa,0,0,0
2026-06-24 18:26:06.449008,4500.00,transa,0,0,0
2026-06-24 18:08:47.321203,4500.00,transa,0,0,0
2026-06-24 18:06:40.744263,8200.00,transa,0,0,0
2026-06-24 17:45:34.845926,8200.00,transa,0,0,0
2026-06-24 17:45:11.019537,2500.00,BALANCE,0,0,0
2026-06-24 17:29:45.672244,4500.00,BALANCE,0,0,0
2026-06-24 17:25:22.992463,4500.00,transa,0,0,0
2026-06-24 17:21:46.889817,2800.00,BALANCE,0,0,0
2026-06-24 17:13:28.110537,4500.00,BALANCE,0,0,0
2026-06-24 16:59:50.280245,2395.00,BALANCE,0,0,0
2026-06-24 16:21:06.050648,4275.00,BALANCE,0,0,0
2026-06-24 14:55:39.523774,1710.00,BALANCE,0,0,0
2026-06-24 14:33:59.887645,2500.00,BALANCE,0,0,0
2026-06-24 14:13:35.372097,2800.00,card,0,0,0
2026-06-24 14:09:49.822457,4500.00,BALANCE,0,0,0
2026-06-24 13:12:28.226105,8200.00,transa,0,0,0
2026-06-24 13:03:05.22445,2660.00,BALANCE,0,0,0
2026-06-24 12:52:32.742132,2650.00,BALANCE,0,0,0
2026-06-24 12:42:19.908674,2800.00,BALANCE,0,0,0
2026-06-24 12:35:37.647421,4500.00,BALANCE,0,0,0
2026-06-24 12:32:34.887004,4500.00,transa,0,0,0
2026-06-24 12:08:35.397559,4500.00,BALANCE,0,0,0
2026-06-24 12:04:10.982093,2165.00,BALANCE,0,0,0
2026-06-24 11:21:22.451069,2800.00,card,0,0,0
2026-06-24 11:19:57.069172,4500.00,transa,0,0,0
2026-06-24 11:10:47.376118,100.00,BALANCE,0,0,0
2026-06-24 11:08:36.320809,4275.00,BALANCE,0,0,0
2026-06-24 10:54:02.752708,2800.00,transa,0,0,0
2026-06-24 10:39:04.202849,4500.00,transa,0,0,0
2026-06-24 09:29:39.109322,2500.00,BALANCE,0,0,0
2026-06-24 07:51:41.987153,0.00,BALANCE,0,0,0
2026-06-24 05:23:45.662649,8200.00,transa,0,0,0
2026-06-24 02:31:23.58565,4500.00,BALANCE,0,0,0
2026-06-24 01:11:10.188269,2800.00,card,0,0,0
2026-06-24 00:45:34.38588,3340.00,BALANCE,0,0,0
2026-06-23 23:49:29.365251,4050.00,BALANCE,0,0,0
2026-06-23 22:32:19.127678,4500.00,transa,0,0,0
2026-06-23 20:53:45.90759,4295.00,BALANCE,0,0,0
2026-06-23 20:46:11.984442,0.00,BALANCE,0,0,0
2026-06-23 20:36:48.511292,2760.00,BALANCE,0,0,0
2026-06-23 20:23:52.793679,8200.00,transa,0,0,0
2026-06-23 20:21:18.93107,4275.00,BALANCE,0,0,0
2026-06-23 19:30:10.100383,4500.00,BALANCE,0,0,0
2026-06-23 18:59:46.957952,2800.00,card,0,0,0
2026-06-23 18:55:32.131283,4500.00,transa,0,0,0
2026-06-23 17:58:05.755766,4500.00,card,0,0,0
2026-06-23 17:56:48.256876,4500.00,card,0,0,0
2026-06-23 17:40:46.736254,0.00,BALANCE,0,0,0
2026-06-23 17:20:56.759614,4500.00,BALANCE,0,0,0
2026-06-23 16:51:31.958868,2800.00,card,0,0,0
2026-06-23 16:37:43.873535,2375.00,BALANCE,0,0,0
2026-06-23 16:08:11.763716,2800.00,card,0,0,0
2026-06-23 15:59:40.531843,4500.00,BALANCE,0,0,0
2026-06-23 15:53:05.423646,2500.00,BALANCE,0,0,0
2026-06-23 15:31:56.644236,4500.00,card,0,0,0
2026-06-23 15:29:58.534645,4500.00,card,0,0,0
2026-06-23 15:24:01.646073,4060.00,BALANCE,0,0,0
2026-06-23 15:02:34.892264,4500.00,card,0,0,0
2026-06-23 14:15:08.832881,4275.00,BALANCE,0,0,0
2026-06-23 14:13:15.170387,2800.00,card,0,0,0
2026-06-23 13:18:43.850483,2300.00,BALANCE,0,0,0
2026-06-23 11:55:19.754249,4500.00,card,0,0,0
2026-06-23 11:45:32.410738,3150.000,USDT,0,0,44.883000
2026-06-23 11:35:31.398886,2800.00,transa,0,0,0
2026-06-23 11:16:49.139182,2475.00,BALANCE,0,0,0
2026-06-23 11:09:56.935035,4500.00,transa,0,0,0
2026-06-23 10:50:51.805529,2500.00,BALANCE,0,0,0
2026-06-23 10:18:23.347789,2800.00,card,0,0,0
2026-06-23 10:15:03.380884,2800.00,card,0,0,0
2026-06-23 10:00:59.313893,0.00,BALANCE,0,0,0
2026-06-23 09:59:26.088148,2800.00,card,0,0,0
2026-06-23 08:50:12.668814,3150.000,USDT,0,0,44.883000
2026-06-23 08:47:58.212137,4500.00,BALANCE,0,0,0
2026-06-23 07:37:21.82524,14000.00,card,0,0,0
2026-06-23 07:01:12.247045,4500.00,card,0,0,0
2026-06-23 06:49:17.960879,4500.00,BALANCE,0,0,0
2026-06-23 05:21:14.165584,4500.00,BALANCE,0,0,0
2026-06-23 01:15:10.854575,4500.00,transa,0,0,0
2026-06-23 01:00:08.413903,4500.00,transa,0,0,0
2026-06-23 00:03:09.970509,4500.00,transa,0,0,0
2026-06-23 00:02:31.496435,2800.00,transa,0,0,0
2026-06-23 00:01:44.417705,2800.00,BALANCE,0,0,0
2026-06-22 23:55:07.332081,4500.00,transa,0,0,0
2026-06-22 22:13:30.719385,8500.00,transa,0,0,0
2026-06-22 21:50:37.45481,750.00,BALANCE,0,0,0
2026-06-22 19:49:38.163395,1140.00,BALANCE,0,0,0
2026-06-22 19:37:54.954387,4349.50,BALANCE,0,0,0
2026-06-22 19:05:04.020009,1960.000,USDT,0,0,27.927000
2026-06-22 18:43:15.649417,1300.00,BALANCE,0,0,0
2026-06-22 18:41:54.856633,0.00,BALANCE,0,0,0
2026-06-22 16:44:32.367632,14000.00,transa,0,0,0
2026-06-22 16:37:38.18184,4500.00,card,0,0,0
2026-06-22 16:28:40.82817,0.00,BALANCE,0,0,0
2026-06-22 15:28:18.640574,2800.00,transa,0,0,0
2026-06-22 14:54:24.619188,8500.00,transa,0,0,0
2026-06-22 13:23:19.756256,2500.00,BALANCE,0,0,0
2026-06-22 11:30:56.467663,3200.00,BALANCE,0,0,0
2026-06-22 11:05:17.764437,2200.00,BALANCE,0,0,0
2026-06-22 10:50:38.530587,4500.00,nirvana,0,0,0
2026-06-22 10:03:04.65633,250.00,BALANCE,0,0,0
2026-06-22 09:19:28.90176,4283.00,BALANCE,0,0,0
2026-06-22 09:02:24.237063,0.00,BALANCE,0,0,0
2026-06-22 06:31:02.308999,13340.00,BALANCE,0,0,0
2026-06-22 05:44:11.301985,4500.00,transa,0,0,0
2026-06-22 04:51:27.378671,3380.00,BALANCE,0,0,0
2026-06-22 02:30:07.386997,4375.00,BALANCE,0,0,0
2026-06-22 02:18:20.281565,2500.00,BALANCE,0,0,0
2026-06-21 23:00:24.18782,13300.00,BALANCE,0,0,0
2026-06-21 22:45:25.744611,2500.00,BALANCE,0,0,0
2026-06-21 22:43:01.105885,4370.00,BALANCE,0,0,0
2026-06-21 22:25:07.877699,4500.00,transa,0,0,0
2026-06-21 22:04:02.026497,2680.00,BALANCE,0,0,0
2026-06-21 21:39:48.909439,1140.00,BALANCE,0,0,0
2026-06-21 21:17:03.905681,4500.00,transa,0,0,0
2026-06-21 20:46:04.577679,4500.00,transa,0,0,0
2026-06-21 20:32:11.566824,2150.00,BALANCE,0,0,0
2026-06-21 20:25:09.620775,0.00,BALANCE,0,0,0
2026-06-21 19:24:49.862849,2660.00,BALANCE,0,0,0
2026-06-21 18:54:51.879563,2650.00,BALANCE,0,0,0
2026-06-21 18:47:43.062622,14000.00,BALANCE,0,0,0
2026-06-21 17:32:16.44101,14000.00,BALANCE,0,0,0
2026-06-21 17:25:40.567505,14000.00,transa,0,0,0
2026-06-21 17:10:11.805448,14000.00,transa,0,0,0
2026-06-21 16:31:33.69583,14000.00,transa,0,0,0
2026-06-21 16:00:59.822125,14000.00,transa,0,0,0
2026-06-21 13:48:24.793587,14000.00,card,0,0,0
2026-06-21 13:25:34.513528,13300.00,BALANCE,0,0,0
2026-06-21 13:21:50.069871,12665.00,BALANCE,0,0,0
2026-06-21 12:32:05.414275,14000.00,transa,0,0,0
2026-06-21 11:58:39.797003,755.00,BALANCE,0,0,0
2026-06-21 11:48:15.726688,755.00,BALANCE,0,0,0
2026-06-20 22:00:03.543499,14000.00,transa,0,0,0
2026-06-20 21:36:31.426999,14000.00,transa,0,0,0
2026-06-20 21:19:48.779834,12500.00,BALANCE,0,0,0
2026-06-20 21:16:20.962075,12500.00,BALANCE,0,0,0
2026-06-20 20:41:41.478489,2800.00,card,0,0,0
2026-06-20 20:07:12.70928,8500.00,transa,0,0,0
2026-06-20 20:00:02.49635,14000.00,card,0,0,0
2026-06-20 19:59:51.99916,8500.00,transa,0,0,0
2026-06-20 19:57:19.858724,8500.00,transa,0,0,0
2026-06-20 19:34:57.270089,800.00,BALANCE,0,0,0
2026-06-20 19:16:16.301215,3040.00,BALANCE,0,0,0
2026-06-20 19:11:33.845278,1070.00,BALANCE,0,0,0
2026-06-20 19:06:33.477825,0.00,BALANCE,0,0,0
2026-06-20 18:53:29.765062,3200.00,transa,0,0,0
2026-06-20 18:45:03.137927,12500.00,BALANCE,0,0,0
2026-06-20 18:36:30.941367,3040.00,BALANCE,0,0,0
2026-06-20 17:54:45.788291,0.00,BALANCE,0,0,0
2026-06-20 17:39:49.086283,2900.00,card,0,0,0
2026-06-20 17:31:02.236631,2770.00,BALANCE,0,0,0
2026-06-20 17:29:03.568452,14000.00,transa,0,0,0
2026-06-20 17:04:12.939633,0.00,BALANCE,0,0,0
2026-06-20 16:38:27.269342,2800.00,BALANCE,0,0,0
2026-06-20 12:30:19.259402,855.00,BALANCE,0,0,0
2026-06-20 12:25:50.21416,2030.000,USDT,0,0,28.925000
2026-06-20 11:56:26.123766,2030.000,USDT,0,0,28.925000
2026-06-20 11:17:46.155469,765.00,BALANCE,0,0,0
2026-06-20 10:07:04.529537,1960.000,USDT,0,0,27.927000
2026-06-20 09:22:51.125477,2665.00,BALANCE,0,0,0
2026-06-20 07:34:01.195296,4500.00,transa,0,0,0
2026-06-19 23:43:54.120602,617.50,BALANCE,0,0,0
2026-06-19 23:26:05.599811,800.00,BALANCE,0,0,0
2026-06-19 22:41:50.505487,8500.00,card,0,0,0
2026-06-19 22:23:52.152065,2800.00,card,0,0,0
2026-06-19 21:32:40.809674,2800.00,card,0,0,0
2026-06-19 21:24:05.359171,4297.50,BALANCE,0,0,0
2026-06-19 20:39:01.931233,8500.00,transa,0,0,0
2026-06-19 20:16:02.303303,2700.00,BALANCE,0,0,0
2026-06-19 17:33:15.090227,2200.00,BALANCE,0,0,0
2026-06-19 17:28:46.149631,14000.00,BALANCE,0,0,0
2026-06-19 17:01:36.378272,3200.00,card,0,0,0
2026-06-19 16:46:11.807781,800.00,BALANCE,0,0,0
2026-06-19 16:43:07.272165,3110.00,BALANCE,0,0,0
2026-06-19 16:31:04.099265,470.00,BALANCE,0,0,0
2026-06-19 16:28:27.614538,0.00,BALANCE,0,0,0
2026-06-19 16:26:45.06323,861.50,BALANCE,0,0,0
2026-06-19 16:25:11.865864,2900.00,card,0,0,0
2026-06-19 16:12:09.348984,14000.00,transa,0,0,0
2026-06-19 15:42:24.267951,8500.00,transa,0,0,0
2026-06-19 15:41:13.458425,2900.00,card,0,0,0
2026-06-19 15:02:15.115043,8200.00,transa,0,0,0
2026-06-19 14:25:53.379056,800.00,BALANCE,0,0,0
2026-06-19 13:37:12.577194,2650.00,BALANCE,0,0,0
2026-06-19 13:32:25.487958,2260.00,BALANCE,0,0,0
2026-06-19 12:26:22.822848,2800.00,transa,0,0,0
2026-06-19 09:44:06.571865,2900.00,transa,0,0,0
2026-06-19 09:38:45.487238,2800.00,transa,0,0,0
2026-06-19 09:11:26.846906,770.00,BALANCE,0,0,0
2026-06-18 23:52:38.855831,4500.00,BALANCE,0,0,0
2026-06-18 23:34:29.239043,14000.00,BALANCE,0,0,0
2026-06-18 22:01:29.817043,4050.00,BALANCE,0,0,0
2026-06-18 21:37:28.148468,2800.00,transa,0,0,0
2026-06-18 19:53:24.291286,2755.00,BALANCE,0,0,0
2026-06-18 19:49:00.856142,0.00,BALANCE,0,0,0
2026-06-18 18:45:14.740976,4395.00,BALANCE,0,0,0
2026-06-18 18:39:07.955273,2800.00,transa,0,0,0
2026-06-18 17:46:54.536263,14000.00,card,0,0,0
2026-06-18 17:38:01.770353,3150.000,USDT,0,0,44.883000
2026-06-18 17:27:35.710586,0.00,BALANCE,0,0,0
2026-06-18 17:06:18.6007,2755.00,BALANCE,0,0,0
2026-06-18 16:45:21.318911,2410.00,BALANCE,0,0,0
2026-06-18 16:09:48.039433,2800.00,transa,0,0,0
2026-06-18 15:39:59.168281,4500.00,transa,0,0,0
2026-06-18 15:39:51.474034,2800.00,BALANCE,0,0,0
2026-06-18 15:28:10.310261,4500.00,BALANCE,0,0,0
2026-06-18 14:49:39.745967,4500.00,card,0,0,0
2026-06-18 14:47:41.676879,2800.00,BALANCE,0,0,0
2026-06-18 14:39:59.939878,4500.00,card,0,0,0
2026-06-18 14:11:20.325468,4500.00,transa,0,0,0
2026-06-18 13:58:13.015389,4500.00,transa,0,0,0
2026-06-18 13:55:46.873725,2500.00,BALANCE,0,0,0
2026-06-18 13:53:53.427157,2500.00,BALANCE,0,0,0
2026-06-18 13:41:42.774443,4500.00,card,0,0,0
2026-06-18 13:35:33.821446,2500.00,BALANCE,0,0,0
2026-06-18 13:03:06.321496,2800.00,transa,0,0,0
2026-06-18 12:45:58.954753,8200.00,transa,0,0,0
2026-06-18 12:36:12.875846,4500.00,transa,0,0,0
2026-06-18 12:32:12.653548,4500.00,card,0,0,0
2026-06-18 12:31:38.008546,4500.00,transa,0,0,0
2026-06-18 12:29:12.23979,4500.00,BALANCE,0,0,0
2026-06-18 12:28:49.097181,4500.00,BALANCE,0,0,0
2026-06-18 12:28:24.042143,4500.00,BALANCE,0,0,0
2026-06-18 12:02:55.545922,4500.00,transa,0,0,0
2026-06-18 11:52:38.945655,2800.00,transa,0,0,0
2026-06-18 11:51:30.15528,6000.00,BALANCE,0,0,0
2026-06-18 11:43:50.5745,4500.00,card,0,0,0
2026-06-18 11:43:39.890186,2800.00,transa,0,0,0
2026-06-18 11:42:32.956333,2800.00,BALANCE,0,0,0
2026-06-18 11:37:11.882611,4500.00,transa,0,0,0
2026-06-18 10:38:23.758148,4500.00,card,0,0,0
2026-06-18 10:17:08.112114,2800.00,card,0,0,0
2026-06-18 09:21:55.351262,2160.00,BALANCE,0,0,0
2026-06-18 08:56:37.456984,2650.00,BALANCE,0,0,0
2026-06-18 06:52:54.516508,4500.00,transa,0,0,0
2026-06-18 02:28:45.849934,14000.00,transa,0,0,0
2026-06-17 23:29:12.868054,4500.00,transa,0,0,0
2026-06-17 23:27:17.959128,4500.00,transa,0,0,0
2026-06-17 22:33:04.5252,9025.00,BALANCE,0,0,0
2026-06-17 21:46:34.180439,4281.25,BALANCE,0,0,0
2026-06-17 20:43:45.029262,3150.000,USDT,0,0,44.883000
2026-06-17 20:07:45.941952,1960.000,USDT,0,0,27.927000
2026-06-17 19:46:58.750936,4500.00,transa,0,0,0
2026-06-17 19:45:08.183764,4500.00,transa,0,0,0
2026-06-17 19:02:26.502123,2500.00,BALANCE,0,0,0
2026-06-17 18:53:04.326353,2375.00,BALANCE,0,0,0
2026-06-17 18:42:45.105789,4500.00,BALANCE,0,0,0
2026-06-17 18:31:47.045298,4500.00,BALANCE,0,0,0
2026-06-17 18:28:48.607083,4500.00,BALANCE,0,0,0
2026-06-17 18:23:39.417551,2375.00,BALANCE,0,0,0
2026-06-17 17:48:29.967228,4500.00,card,0,0,0
2026-06-17 17:38:22.808446,10725.00,BALANCE,0,0,0
2026-06-17 17:10:17.361163,4500.00,transa,0,0,0
2026-06-17 17:08:12.414601,2160.00,BALANCE,0,0,0
2026-06-17 16:58:54.587298,1800.00,BALANCE,0,0,0
2026-06-17 16:40:11.106351,2800.00,card,0,0,0
2026-06-17 16:34:28.952779,4500.00,card,0,0,0
2026-06-17 15:51:38.090673,14000.00,transa,0,0,0
2026-06-17 15:28:48.81822,8200.00,transa,0,0,0
2026-06-17 15:05:37.560562,2800.00,transa,0,0,0
2026-06-17 14:49:54.3191,2375.00,BALANCE,0,0,0
2026-06-17 14:39:15.26437,4500.00,transa,0,0,0
2026-06-17 14:30:34.547005,4500.00,card,0,0,0
2026-06-17 13:58:32.579376,2375.00,BALANCE,0,0,0
2026-06-17 13:56:17.897596,4500.00,card,0,0,0
2026-06-17 13:44:21.157873,8200.00,transa,0,0,0
2026-06-17 13:30:11.570662,2800.00,transa,0,0,0
2026-06-17 13:24:18.021982,4500.00,card,0,0,0
2026-06-17 12:52:39.051328,4500.00,card,0,0,0
2026-06-17 11:46:25.031363,2800.00,card,0,0,0
2026-06-17 11:17:56.684954,4500.00,BALANCE,0,0,0
2026-06-17 08:05:03.25551,800.00,BALANCE,0,0,0
2026-06-17 07:25:17.536195,760.00,BALANCE,0,0,0
2026-06-17 06:49:24.227642,4500.00,transa,0,0,0
2026-06-17 02:48:28.511708,4500.00,transa,0,0,0
2026-06-17 02:25:55.58576,3200.00,transa,0,0,0
2026-06-17 01:53:17.858119,2240.000,USDT,0,0,31.917000
2026-06-17 01:15:15.831931,8200.00,transa,0,0,0
2026-06-16 23:45:56.804112,750.00,BALANCE,0,0,0
2026-06-16 22:05:35.364204,750.00,BALANCE,0,0,0
2026-06-16 21:52:39.683418,14000.00,transa,0,0,0
2026-06-16 21:49:46.436081,12500.00,transa,0,0,0
2026-06-16 21:22:35.179145,4500.00,transa,0,0,0
2026-06-16 21:21:16.826372,2800.00,transa,0,0,0
2026-06-16 20:43:39.001415,12500.00,card,0,0,0
2026-06-16 20:23:04.111275,12500.00,card,0,0,0
2026-06-16 20:15:50.619414,4500.00,transa,0,0,0
2026-06-16 19:20:10.913089,700.00,BALANCE,0,0,0
2026-06-16 18:52:18.636042,4500.00,card,0,0,0
2026-06-16 18:40:17.738213,8200.00,transa,0,0,0
2026-06-16 18:24:26.762706,2375.00,BALANCE,0,0,0
2026-06-16 17:28:45.232221,3200.00,transa,0,0,0
2026-06-16 17:13:13.577549,0.00,BALANCE,0,0,0
2026-06-16 17:00:21.583346,2800.00,card,0,0,0
2026-06-16 16:49:28.091357,0.00,BALANCE,0,0,0
2026-06-16 16:41:17.514988,3150.000,USDT,0,0,44.883000
2026-06-16 16:40:22.183915,4500.00,BALANCE,0,0,0
2026-06-16 16:32:06.954673,4500.00,card,0,0,0
2026-06-16 16:29:54.769996,4500.00,transa,0,0,0
2026-06-16 15:47:42.572953,3200.00,transa,0,0,0
2026-06-16 15:28:37.292766,2500.00,BALANCE,0,0,0
2026-06-16 15:26:07.688297,3200.00,transa,0,0,0
2026-06-16 15:16:37.742579,2800.00,transa,0,0,0
2026-06-16 15:13:40.079594,2800.00,card,0,0,0
2026-06-16 14:39:08.332588,4500.00,transa,0,0,0
2026-06-16 13:41:24.162969,4500.00,transa,0,0,0
2026-06-16 13:33:22.150616,2800.00,transa,0,0,0
2026-06-16 13:32:02.14746,14000.00,transa,0,0,0
2026-06-16 13:16:44.897379,2300.00,BALANCE,0,0,0
2026-06-16 12:49:33.194675,14000.00,onlypays,0,0,0
2026-06-16 11:16:34.629284,4500.00,BALANCE,0,0,0
2026-06-16 10:42:32.465156,2800.00,transa,0,0,0
2026-06-16 10:00:38.227717,4500.00,transa,0,0,0
2026-06-16 09:01:46.287489,1000.00,BALANCE,0,0,0
2026-06-16 07:19:13.242874,3800.00,BALANCE,0,0,0
2026-06-16 04:27:01.813871,12500.00,card,0,0,0
2026-06-15 23:57:53.717,3000.00,transa,0,0,0
2026-06-15 23:45:43.749966,2900.00,BALANCE,0,0,0
2026-06-15 22:04:15.607834,4500.00,transa,0,0,0
2026-06-15 21:25:55.698212,2500.00,BALANCE,0,0,0
2026-06-15 21:13:33.387293,1000.00,BALANCE,0,0,0
2026-06-15 20:35:11.356459,12000.00,BALANCE,0,0,0
2026-06-15 20:02:00.778298,1300.00,BALANCE,0,0,0
2026-06-15 19:10:23.33827,0.00,BALANCE,0,0,0
2026-06-15 18:59:14.123468,14000.00,transa,0,0,0
2026-06-15 18:41:20.248844,4500.00,card,0,0,0
2026-06-15 18:32:31.012579,0.00,BALANCE,0,0,0
2026-06-15 18:20:34.08433,4500.00,card,0,0,0
2026-06-15 18:06:43.482273,2500.00,BALANCE,0,0,0
2026-06-15 17:43:13.481569,14000.00,BALANCE,0,0,0
2026-06-15 17:31:28.477775,0.00,BALANCE,0,0,0
2026-06-15 16:35:08.182383,4500.00,transa,0,0,0
2026-06-15 16:32:15.136989,3000.00,transa,0,0,0
2026-06-15 15:27:36.341122,1000.00,BALANCE,0,0,0
2026-06-15 14:49:56.663613,4500.00,transa,0,0,0
2026-06-15 14:32:27.573438,1000.00,BALANCE,0,0,0
2026-06-15 14:26:30.266067,3000.00,transa,0,0,0
2026-06-15 13:34:40.060634,6000.00,BALANCE,0,0,0
2026-06-15 12:58:40.105832,2500.00,BALANCE,0,0,0
2026-06-15 12:45:48.181616,3000.00,transa,0,0,0
2026-06-15 11:48:47.413295,0.00,BALANCE,0,0,0
2026-06-15 11:07:07.447738,4500.00,transa,0,0,0
2026-06-15 10:00:48.488834,4500.00,transa,0,0,0
2026-06-15 04:53:06.052358,4500.00,transa,0,0,0
2026-06-15 04:18:35.404203,2500.00,BALANCE,0,0,0
2026-06-15 01:14:13.447729,3000.00,BALANCE,0,0,0
2026-06-14 22:41:06.154845,3000.00,transa,0,0,0
2026-06-14 21:45:05.524135,4500.00,BALANCE,0,0,0
2026-06-14 21:19:51.419152,4500.00,transa,0,0,0
2026-06-14 20:16:39.828563,4500.00,BALANCE,0,0,0
2026-06-14 20:02:14.5438,4500.00,transa,0,0,0
2026-06-14 18:43:46.222107,2100.000,USDT,0,0,29.922000
2026-06-14 18:40:10.9189,2300.00,BALANCE,0,0,0
2026-06-14 18:17:29.09475,12500.00,transa,0,0,0
2026-06-14 16:12:15.915358,2500.00,BALANCE,0,0,0
2026-06-14 15:50:22.627703,2000.00,BALANCE,0,0,0
2026-06-14 15:45:55.503014,3000.00,transa,0,0,0
2026-06-14 15:20:09.40286,4500.00,transa,0,0,0
2026-06-14 14:36:51.292658,2500.00,BALANCE,0,0,0
2026-06-14 14:23:39.516602,4500.00,transa,0,0,0
2026-06-14 14:12:07.402943,700.00,BALANCE,0,0,0
2026-06-14 13:37:28.292477,1000.00,BALANCE,0,0,0
2026-06-14 12:33:39.108316,14000.00,BALANCE,0,0,0
2026-06-14 12:27:10.294559,14000.00,BALANCE,0,0,0
2026-06-14 12:23:09.693111,4500.00,transa,0,0,0
2026-06-14 11:55:43.010644,2100.000,USDT,0,0,29.922000
2026-06-14 11:29:22.409616,2500.00,BALANCE,0,0,0
2026-06-14 09:28:49.450785,14000.00,card,0,0,0
2026-06-14 05:01:43.427562,4500.00,card,0,0,0
2026-06-14 03:45:18.045534,3000.00,BALANCE,0,0,0
2026-06-14 00:13:31.17046,14000.00,BALANCE,0,0,0
2026-06-13 22:45:17.397284,3000.00,transa,0,0,0
2026-06-13 22:33:52.551565,2100.000,USDT,0,0,29.922000
2026-06-13 20:35:53.581233,8200.00,transa,0,0,0
2026-06-13 20:30:53.165503,12500.00,transa,0,0,0
2026-06-13 19:48:15.970335,3000.00,transa,0,0,0
2026-06-13 19:29:51.49054,4500.00,transa,0,0,0
2026-06-13 19:29:36.811529,6000.00,BALANCE,0,0,0
2026-06-13 19:19:45.386268,4500.00,transa,0,0,0
2026-06-13 18:36:37.080245,2030.000,USDT,0,0,28.925000
2026-06-13 18:03:49.753893,2900.00,BALANCE,0,0,0
2026-06-13 17:57:44.098562,2030.000,USDT,0,0,28.925000
2026-06-13 17:04:49.695128,2100.000,USDT,0,0,29.922000
2026-06-13 16:43:27.900367,2100.000,USDT,0,0,29.922000
2026-06-13 14:28:50.678031,2100.000,USDT,0,0,29.922000
2026-06-13 14:19:43.651088,900.00,BALANCE,0,0,0
2026-06-13 13:50:25.970701,8200.00,transa,0,0,0
2026-06-13 13:30:20.841786,5889.00,BALANCE,0,0,0
2026-06-13 13:09:39.825964,12000.00,BALANCE,0,0,0
2026-06-13 11:52:30.168994,2900.00,card,0,0,0
2026-06-13 11:51:30.724635,6000.00,card,0,0,0
2026-06-13 11:51:10.130816,2900.00,BALANCE,0,0,0
2026-06-13 11:29:11.757627,900.00,BALANCE,0,0,0
2026-06-13 11:24:51.115879,1000.00,BALANCE,0,0,0
2026-06-13 11:12:16.46997,3000.00,card,0,0,0
2026-06-13 10:17:14.986211,2030.000,USDT,0,0,28.925000
2026-06-13 08:45:48.395643,2030.000,USDT,0,0,28.925000
2026-06-13 08:28:12.334427,3000.00,transa,0,0,0
2026-06-13 08:21:52.314635,3000.00,transa,0,0,0
2026-06-13 08:12:16.173193,0.00,BALANCE,0,0,0
2026-06-13 00:43:46.054098,8200.00,card,0,0,0
2026-06-13 00:01:28.08713,12000.00,BALANCE,0,0,0
2026-06-12 22:59:16.053655,4500.00,card,0,0,0
2026-06-12 22:39:11.030251,2100.000,USDT,0,0,29.922000
2026-06-12 21:55:19.266093,400.00,BALANCE,0,0,0
2026-06-12 21:40:46.344395,3000.00,transa,0,0,0
2026-06-12 21:03:26.570355,12500.00,transa,0,0,0
2026-06-12 20:24:40.615,4500.00,card,0,0,0
2026-06-12 19:54:57.551098,2500.00,BALANCE,0,0,0
2026-06-12 19:47:44.841404,1000.00,BALANCE,0,0,0
2026-06-12 19:21:40.399884,4500.00,BALANCE,0,0,0
2026-06-12 19:05:28.83968,9800.000,USDT,0,0,139.637000
2026-06-12 18:59:32.529997,6000.00,BALANCE,0,0,0
2026-06-12 18:49:01.980067,4500.00,transa,0,0,0
2026-06-12 18:42:30.904895,8200.00,transa,0,0,0
2026-06-12 18:39:22.255206,3000.00,BALANCE,0,0,0
2026-06-12 18:34:43.352575,14000.00,BALANCE,0,0,0
2026-06-12 18:07:37.32338,4500.00,transa,0,0,0
2026-06-12 18:07:18.261248,4500.00,BALANCE,0,0,0
2026-06-12 17:54:39.604176,4500.00,BALANCE,0,0,0
2026-06-12 17:28:28.937812,2500.00,BALANCE,0,0,0
2026-06-12 17:16:46.994616,2500.00,BALANCE,0,0,0
2026-06-12 17:16:32.658669,500.00,BALANCE,0,0,0
2026-06-12 16:41:08.391831,4500.00,card,0,0,0
2026-06-12 16:40:22.766291,2500.00,BALANCE,0,0,0
2026-06-12 16:24:59.479373,1000.00,BALANCE,0,0,0
2026-06-12 16:24:37.883036,2300.00,BALANCE,0,0,0
2026-06-12 16:14:27.024672,4500.00,transa,0,0,0
2026-06-12 15:37:13.584069,1000.00,BALANCE,0,0,0
2026-06-12 15:36:45.457412,3150.000,USDT,0,0,44.883000
2026-06-12 14:47:33.643357,2500.00,BALANCE,0,0,0
2026-06-12 14:37:46.033945,6000.00,card,0,0,0
2026-06-12 14:06:51.497241,4500.00,transa,0,0,0
2026-06-12 13:56:46.990737,14000.00,BALANCE,0,0,0
2026-06-12 12:30:34.30069,14000.00,BALANCE,0,0,0
2026-06-12 11:11:24.477388,1000.00,BALANCE,0,0,0
2026-06-12 10:53:16.137079,3000.00,card,0,0,0
2026-06-12 10:28:42.619726,14000.00,card,0,0,0
2026-06-12 09:51:58.822644,3000.00,BALANCE,0,0,0
2026-06-12 08:11:19.882601,3000.00,card,0,0,0
2026-06-12 08:05:52.892546,1000.00,BALANCE,0,0,0
2026-06-12 01:53:50.202273,9800.000,USDT,0,0,139.637000
2026-06-12 01:43:29.840059,3000.00,transa,0,0,0
2026-06-11 23:50:14.529397,4500.00,transa,0,0,0
2026-06-11 23:27:53.543381,3000.00,BALANCE,0,0,0
2026-06-11 22:24:27.410678,9800.000,USDT,0,0,139.637000
2026-06-11 21:06:10.342017,1000.00,BALANCE,0,0,0
2026-06-11 20:56:05.91835,4500.00,transa,0,0,0
2026-06-11 20:56:05.145007,3000.00,transa,0,0,0
2026-06-11 20:31:56.625,9800.000,USDT,0,0,139.637000
2026-06-11 20:30:40.516988,4500.00,transa,0,0,0
2026-06-11 20:26:15.907125,2500.00,BALANCE,0,0,0
2026-06-11 20:09:04.189804,2500.00,BALANCE,0,0,0
2026-06-11 20:05:04.640508,900.00,BALANCE,0,0,0
2026-06-11 19:06:31.895907,3150.000,USDT,0,0,44.883000
2026-06-11 18:20:25.354694,9500.00,BALANCE,0,0,0
2026-06-11 18:05:15.871929,4500.00,transa,0,0,0
2026-06-11 18:02:13.798317,4500.00,BALANCE,0,0,0
2026-06-11 17:48:33.542151,4500.00,transa,0,0,0
2026-06-11 17:42:27.536426,9800.000,USDT,0,0,139.637000
2026-06-11 17:41:24.652051,3300.00,BALANCE,0,0,0
2026-06-11 17:28:55.936848,1300.00,BALANCE,0,0,0
2026-06-11 17:11:02.18655,9800.000,USDT,0,0,139.637000
2026-06-11 17:10:46.574241,3000.00,card,0,0,0
2026-06-11 16:45:03.039831,4500.00,BALANCE,0,0,0
2026-06-11 16:22:59.486163,2600.00,BALANCE,0,0,0
2026-06-11 15:43:19.613993,2500.00,BALANCE,0,0,0
2026-06-11 15:42:45.526546,2030.000,USDT,0,0,28.925000
2026-06-11 15:29:00.547446,3000.00,BALANCE,0,0,0
2026-06-11 15:25:04.960005,4500.00,BALANCE,0,0,0
2026-06-11 14:39:14.003214,2500.00,BALANCE,0,0,0
2026-06-11 14:36:01.720605,2500.00,BALANCE,0,0,0
2026-06-11 14:35:23.635542,12000.00,BALANCE,0,0,0
2026-06-11 14:29:33.486445,4500.00,BALANCE,0,0,0
2026-06-11 14:28:53.102171,2500.00,BALANCE,0,0,0
2026-06-11 14:27:09.114693,1000.00,BALANCE,0,0,0
2026-06-11 14:14:42.4725,2500.00,BALANCE,0,0,0
2026-06-11 14:10:27.148377,9800.000,USDT,0,0,139.637000
2026-06-11 13:55:27.735075,14000.00,card,0,0,0
2026-06-11 13:35:44.983375,1800.00,BALANCE,0,0,0
2026-06-11 13:06:45.75687,4500.00,transa,0,0,0
2026-06-11 13:06:15.34697,4500.00,card,0,0,0
2026-06-11 13:01:51.587245,2900.00,BALANCE,0,0,0
2026-06-11 12:03:31.825269,4500.00,transa,0,0,0
2026-06-11 11:56:07.067741,3000.00,card,0,0,0
2026-06-11 11:48:54.283274,4500.00,transa,0,0,0
2026-06-11 11:29:52.96298,3000.00,BALANCE,0,0,0
2026-06-11 11:28:43.94763,4500.00,transa,0,0,0
2026-06-11 11:21:10.768237,4500.00,BALANCE,0,0,0
2026-06-11 11:02:08.245069,4500.00,BALANCE,0,0,0
2026-06-11 10:17:02.204944,4500.00,card,0,0,0
2026-06-11 10:01:24.553067,2100.000,USDT,0,0,29.922000
2026-06-11 09:47:01.455867,3000.00,card,0,0,0
2026-06-11 09:37:13.636012,3000.00,card,0,0,0
2026-06-11 08:07:40.508293,8200.00,card,0,0,0
2026-06-11 06:25:18.525038,2500.00,BALANCE,0,0,0
2026-06-11 05:54:51.985992,4500.00,card,0,0,0
2026-06-11 04:33:33.880401,12000.00,BALANCE,0,0,0
2026-06-11 02:39:19.130541,12500.00,card,0,0,0
2026-06-10 21:46:52.846984,4500.00,BALANCE,0,0,0
2026-06-10 21:41:47.245842,0.00,BALANCE,0,0,0
2026-06-10 20:34:57.985207,4500.00,card,0,0,0
2026-06-10 20:04:12.914096,4500.00,transa,0,0,0
2026-06-10 18:59:04.014571,3000.00,BALANCE,0,0,0
2026-06-10 18:55:54.129066,1300.00,BALANCE,0,0,0
2026-06-10 18:33:47.196425,3000.00,BALANCE,0,0,0
2026-06-10 17:38:19.836669,2500.00,BALANCE,0,0,0
2026-06-10 17:38:00.55138,3800.00,BALANCE,0,0,0
2026-06-10 17:20:55.651435,4500.00,card,0,0,0
2026-06-10 17:11:56.607574,3000.00,card,0,0,0
2026-06-10 17:11:17.220437,2900.00,BALANCE,0,0,0
2026-06-10 16:43:41.693726,3825.0000,LTC,0,1.47412883,0
2026-06-10 15:33:24.166108,4500.00,transa,0,0,0
2026-06-10 14:57:53.596713,2900.00,card,0,0,0
2026-06-10 14:54:06.098922,2500.00,BALANCE,0,0,0
2026-06-10 14:48:41.446063,3500.00,BALANCE,0,0,0
2026-06-10 14:36:15.310546,1000.00,BALANCE,0,0,0
2026-06-10 14:34:24.398833,9800.000,USDT,0,0,139.637000
2026-06-10 12:34:54.787469,9800.000,USDT,0,0,139.637000
2026-06-10 11:07:40.181628,2500.00,BALANCE,0,0,0
2026-06-10 11:07:31.494617,8200.00,card,0,0,0
2026-06-10 10:04:09.718815,4500.00,BALANCE,0,0,0
2026-06-10 06:16:01.406694,12500.00,card,0,0,0
2026-06-10 02:43:33.23709,14000.00,card,0,0,0
2026-06-10 01:01:33.007419,4500.00,transa,0,0,0
2026-06-09 23:06:09.744265,4500.00,card,0,0,0
2026-06-09 20:46:30.466878,4500.00,card,0,0,0
2026-06-09 20:44:18.769713,4500.00,BALANCE,0,0,0
2026-06-09 20:43:37.260028,600.00,BALANCE,0,0,0
2026-06-09 20:30:56.855383,4500.00,BALANCE,0,0,0
2026-06-09 20:19:37.040199,4500.00,card,0,0,0
2026-06-09 19:44:48.183219,2500.00,BALANCE,0,0,0
2026-06-09 19:21:10.276309,4500.00,card,0,0,0
2026-06-09 18:46:35.982015,4500.00,BALANCE,0,0,0
2026-06-09 18:40:19.068425,4500.00,BALANCE,0,0,0
2026-06-09 18:34:07.757508,2900.00,transa,0,0,0
2026-06-09 18:29:42.451006,4500.00,card,0,0,0
2026-06-09 18:28:10.737235,4500.00,transa,0,0,0
2026-06-09 16:42:26.955872,4500.00,card,0,0,0
2026-06-09 16:19:51.750636,4500.00,BALANCE,0,0,0
2026-06-09 16:17:01.859329,1000.00,BALANCE,0,0,0
2026-06-09 16:08:22.857235,4500.00,BALANCE,0,0,0
2026-06-09 15:32:54.458626,4500.00,card,0,0,0
2026-06-09 15:28:08.209802,1000.00,BALANCE,0,0,0
2026-06-09 15:23:05.455698,3000.00,card,0,0,0
2026-06-09 15:22:20.544411,0.00,BALANCE,0,0,0
2026-06-09 15:19:08.983814,4500.00,card,0,0,0
2026-06-09 15:13:00.919062,4500.00,transa,0,0,0
2026-06-09 14:45:16.933708,2500.00,BALANCE,0,0,0
2026-06-09 14:36:36.954267,3000.00,BALANCE,0,0,0
2026-06-09 14:18:29.692095,3000.00,BALANCE,0,0,0
2026-06-09 14:05:28.203456,4500.00,BALANCE,0,0,0
2026-06-09 13:28:48.23402,0.00,BALANCE,0,0,0
2026-06-09 12:55:45.259509,4500.00,card,0,0,0
2026-06-09 12:44:47.592992,2030.000,USDT,0,0,28.925000
2026-06-09 12:08:45.358794,4500.00,transa,0,0,0
2026-06-09 11:33:32.788241,2500.00,BALANCE,0,0,0
2026-06-09 11:27:56.554621,4500.00,card,0,0,0
2026-06-09 11:07:54.189938,4500.00,card,0,0,0
2026-06-09 10:58:26.946747,1000.00,BALANCE,0,0,0
2026-06-09 10:34:22.476254,2500.00,BALANCE,0,0,0
2026-06-09 08:56:43.758638,9800.000,USDT,0,0,139.637000
2026-06-09 08:43:01.613623,4500.00,transa,0,0,0
2026-06-09 08:15:31.732717,2030.000,USDT,0,0,28.925000
2026-06-09 08:12:51.153072,2900.00,BALANCE,0,0,0
2026-06-09 07:28:53.860573,14000.00,BALANCE,0,0,0
2026-06-09 06:52:28.357563,3000.00,transa,0,0,0
2026-06-09 00:53:00.102101,4500.00,BALANCE,0,0,0
2026-06-09 00:52:28.233848,4500.00,BALANCE,0,0,0
2026-06-09 00:52:00.018676,2500.00,BALANCE,0,0,0
2026-06-08 21:51:58.973248,1500.00,BALANCE,0,0,0
2026-06-08 20:23:55.074966,0.00,BALANCE,0,0,0
2026-06-08 20:04:25.258867,12500.00,card,0,0,0
2026-06-08 19:50:04.323291,2900.00,transa,0,0,0
2026-06-08 18:57:17.107064,2030.000,USDT,0,0,28.925000
2026-06-08 18:02:55.308896,1000.00,BALANCE,0,0,0
2026-06-08 17:41:51.876008,1500.00,BALANCE,0,0,0
2026-06-08 17:36:43.125301,2900.00,card,0,0,0
2026-06-08 17:34:09.846867,2900.00,BALANCE,0,0,0
2026-06-08 17:20:21.553481,9800.000,USDT,0,0,139.637000
2026-06-08 15:54:41.667303,3000.00,card,0,0,0
2026-06-08 15:48:59.883178,4500.00,card,0,0,0
2026-06-08 15:38:50.836455,2500.00,BALANCE,0,0,0
2026-06-08 15:24:30.741884,2500.00,BALANCE,0,0,0
2026-06-08 15:20:35.387459,2900.00,BALANCE,0,0,0
2026-06-08 15:16:27.243174,4500.00,card,0,0,0
2026-06-08 14:54:39.879122,1400.00,BALANCE,0,0,0
2026-06-08 14:19:06.182342,1900.00,BALANCE,0,0,0
2026-06-08 14:12:24.945564,4500.00,transa,0,0,0
2026-06-08 14:12:16.681453,4500.00,BALANCE,0,0,0
2026-06-08 14:10:47.044976,4500.00,BALANCE,0,0,0
2026-06-08 13:45:01.369426,3000.00,card,0,0,0
2026-06-08 13:28:35.014159,0.00,BALANCE,0,0,0
2026-06-08 13:11:52.964308,4500.00,transa,0,0,0
2026-06-08 13:06:03.338577,3000.00,transa,0,0,0
2026-06-08 13:02:45.293616,4500.00,card,0,0,0
2026-06-08 12:57:18.210696,2030.000,USDT,0,0,28.925000
2026-06-08 12:37:35.444032,2900.00,BALANCE,0,0,0
2026-06-08 12:26:48.103946,2800.00,BALANCE,0,0,0
2026-06-08 11:06:06.734634,14000.00,transa,0,0,0
2026-06-08 10:44:23.302423,0.00,BALANCE,0,0,0
2026-06-08 10:22:34.042846,0.00,BALANCE,0,0,0
2026-06-07 21:53:52.234511,900.00,BALANCE,0,0,0
2026-06-07 20:51:17.862924,1000.00,BALANCE,0,0,0
2026-06-07 20:08:54.322798,4500.00,transa,0,0,0
2026-06-07 19:09:14.0479,2500.00,BALANCE,0,0,0
2026-06-07 18:52:27.839131,1200.00,BALANCE,0,0,0
2026-06-07 17:56:41.457493,4500.00,BALANCE,0,0,0
2026-06-07 17:56:14.025763,3150.000,USDT,0,0,44.883000
2026-06-07 17:35:16.893205,2500.00,BALANCE,0,0,0
2026-06-07 17:12:34.613384,3150.000,USDT,0,0,44.883000
2026-06-07 17:04:39.023211,4500.00,transa,0,0,0
2026-06-07 16:36:01.419088,2500.00,BALANCE,0,0,0
2026-06-07 15:38:30.725821,4500.00,transa,0,0,0
2026-06-07 15:36:14.07588,1900.00,BALANCE,0,0,0
2026-06-07 15:33:59.962592,0.00,BALANCE,0,0,0
2026-06-07 15:11:39.050614,1400.00,BALANCE,0,0,0
2026-06-07 14:54:08.238183,4500.00,transa,0,0,0
2026-06-07 14:23:26.141216,4500.00,card,0,0,0
2026-06-07 14:10:32.703617,3000.00,card,0,0,0
2026-06-07 13:10:21.826483,14000.00,card,0,0,0
2026-06-07 12:00:13.385451,3000.00,BALANCE,0,0,0
2026-06-07 11:34:55.36746,3000.00,BALANCE,0,0,0
2026-06-07 11:28:14.389668,4500.00,BALANCE,0,0,0
2026-06-07 11:26:47.071683,0.00,BALANCE,0,0,0
2026-06-07 11:14:56.135624,4500.00,BALANCE,0,0,0
2026-06-07 10:02:17.266553,2900.00,BALANCE,0,0,0
2026-06-07 08:41:46.396949,12500.00,card,0,0,0
2026-06-07 08:33:54.300635,1000.00,BALANCE,0,0,0
2026-06-07 07:56:13.859618,3150.000,USDT,0,0,44.883000
2026-06-07 04:52:56.178571,2900.00,BALANCE,0,0,0
2026-06-07 04:25:20.077301,4500.00,card,0,0,0
2026-06-07 02:20:10.116865,14000.00,card,0,0,0
2026-06-07 01:09:32.81195,4500.00,transa,0,0,0
2026-06-07 00:55:12.210855,2030.000,USDT,0,0,28.925000
2026-06-07 00:23:08.923134,800.00,BALANCE,0,0,0
2026-06-07 00:09:54.843245,2900.00,BALANCE,0,0,0
2026-06-06 22:47:56.244912,3000.00,card,0,0,0
2026-06-06 21:42:55.674739,0.00,BALANCE,0,0,0
2026-06-06 21:41:10.778309,0.00,BALANCE,0,0,0
2026-06-06 20:42:22.031347,1200.00,BALANCE,0,0,0
2026-06-06 20:19:39.238708,0.00,BALANCE,0,0,0
2026-06-06 19:59:40.870025,14000.00,card,0,0,0
2026-06-06 19:55:20.391707,0.00,BALANCE,0,0,0
2026-06-06 19:41:10.533364,9800.000,USDT,0,0,139.637000
2026-06-06 19:35:06.067088,3000.00,BALANCE,0,0,0
2026-06-06 19:34:45.425928,3000.00,card,0,0,0
2026-06-06 19:02:11.863772,3200.00,BALANCE,0,0,0
2026-06-06 18:47:35.457467,2100.000,USDT,0,0,29.922000
2026-06-06 18:32:35.6506,2030.000,USDT,0,0,28.925000
2026-06-06 18:28:25.566671,3000.00,card,0,0,0
2026-06-06 18:09:23.288043,0.00,BALANCE,0,0,0
2026-06-06 18:04:22.962494,300.00,BALANCE,0,0,0
2026-06-06 17:47:29.150616,3200.00,BALANCE,0,0,0
2026-06-06 17:44:55.466552,3200.00,BALANCE,0,0,0
2026-06-06 17:19:37.33718,0.00,BALANCE,0,0,0
2026-06-06 17:09:35.166349,900.00,BALANCE,0,0,0
2026-06-06 17:04:59.9886,0.00,BALANCE,0,0,0
2026-06-06 17:03:48.032849,0.00,BALANCE,0,0,0
2026-06-06 16:41:40.800032,2900.00,BALANCE,0,0,0
2026-06-06 16:39:31.403707,3000.00,card,0,0,0
2026-06-06 16:09:49.812772,2900.00,BALANCE,0,0,0
2026-06-06 16:03:42.652356,2900.00,BALANCE,0,0,0
2026-06-06 13:53:01.727915,0.00,BALANCE,0,0,0
2026-06-06 13:14:52.149951,2100.000,USDT,0,0,29.922000
2026-06-06 12:14:40.795388,2900.00,card,0,0,0
2026-06-06 10:45:17.272801,14000.00,card,0,0,0
2026-06-06 10:43:38.922466,2030.000,USDT,0,0,28.925000
2026-06-06 08:56:07.024557,2900.00,card,0,0,0
2026-06-06 06:17:28.039124,3000.00,BALANCE,0,0,0
2026-06-06 02:41:27.753017,2900.00,BALANCE,0,0,0
2026-06-05 23:55:52.354838,1000.00,BALANCE,0,0,0
2026-06-05 23:21:33.820228,14000.00,BALANCE,0,0,0
2026-06-05 23:18:16.416443,2100.000,USDT,0,0,29.922000
2026-06-05 22:33:40.897594,2030.000,USDT,0,0,28.925000
2026-06-05 20:58:13.679756,2100.000,USDT,0,0,29.922000
2026-06-05 20:10:12.849802,2100.000,USDT,0,0,29.922000
2026-06-05 20:04:46.385773,14000.00,card,0,0,0
2026-06-05 19:49:06.744937,900.00,BALANCE,0,0,0
2026-06-05 19:44:17.012374,3000.00,transa,0,0,0
2026-06-05 19:27:15.206809,1000.00,BALANCE,0,0,0
2026-06-05 19:19:35.59775,2900.00,card,0,0,0
2026-06-05 18:13:57.024252,1400.00,BALANCE,0,0,0
2026-06-05 17:47:00.454125,2900.00,BALANCE,0,0,0
2026-06-05 17:39:38.815549,2900.00,BALANCE,0,0,0
2026-06-05 17:27:47.204687,3000.00,transa,0,0,0
2026-06-05 16:58:02.288256,13500.00,BALANCE,0,0,0
2026-06-05 15:38:04.910977,2030.000,USDT,0,0,28.925000
2026-06-05 15:21:37.019827,14000.00,transa,0,0,0
2026-06-05 14:57:50.267978,3000.00,BALANCE,0,0,0
2026-06-05 14:50:46.79147,1000.00,BALANCE,0,0,0
2026-06-05 13:45:05.548358,3000.00,transa,0,0,0
2026-06-05 13:23:38.420971,1000.00,BALANCE,0,0,0
2026-06-05 12:27:14.144968,3000.00,transa,0,0,0
2026-06-05 11:35:05.209815,2900.00,BALANCE,0,0,0
2026-06-05 11:13:26.745901,2900.00,transa,0,0,0
2026-06-05 10:48:24.815249,12500.00,card,0,0,0
2026-06-05 10:23:14.364882,2900.00,card,0,0,0
2026-06-05 09:46:25.497371,2100.000,USDT,0,0,29.922000
2026-06-05 06:42:11.55848,2030.000,USDT,0,0,28.925000
2026-06-05 03:31:47.748148,2900.00,BALANCE,0,0,0
2026-06-05 00:33:49.598399,14000.00,card,0,0,0
2026-06-04 23:18:23.105703,12000.00,BALANCE,0,0,0
2026-06-04 21:31:02.366105,3000.00,transa,0,0,0
2026-06-04 21:18:27.722835,2900.00,BALANCE,0,0,0
2026-06-04 19:44:32.908536,2030.000,USDT,0,0,28.925000
2026-06-04 18:34:43.667129,2100.000,USDT,0,0,29.922000
2026-06-04 18:28:57.651054,12500.00,BALANCE,0,0,0
2026-06-04 17:45:14.789292,2100.000,USDT,0,0,29.922000
2026-06-04 17:15:20.265253,2100.000,USDT,0,0,29.922000
2026-06-04 15:30:36.714631,2900.00,transa,0,0,0
2026-06-04 15:26:17.103632,14000.00,BALANCE,0,0,0
2026-06-04 12:51:39.393916,12500.00,BALANCE,0,0,0
2026-06-04 12:32:42.797134,12500.00,card,0,0,0
2026-06-04 10:12:31.782905,2900.00,transa,0,0,0
2026-06-04 08:58:35.061047,2900.00,BALANCE,0,0,0
2026-06-04 07:18:37.013881,1200.00,BALANCE,0,0,0
2026-06-04 01:10:08.218354,3000.00,card,0,0,0
2026-06-04 00:52:13.912303,8800.00,BALANCE,0,0,0
2026-06-03 23:28:12.855754,2100.000,USDT,0,0,29.922000
2026-06-03 21:28:19.119189,14000.00,BALANCE,0,0,0
2026-06-03 18:09:11.610111,2900.00,BALANCE,0,0,0
2026-06-03 18:03:45.046093,14000.00,BALANCE,0,0,0
2026-06-03 17:42:51.308992,1000.00,BALANCE,0,0,0
2026-06-03 17:11:56.737651,2100.000,USDT,0,0,29.922000
2026-06-03 16:30:11.011607,0.00,BALANCE,0,0,0
2026-06-03 16:07:42.264332,1000.00,BALANCE,0,0,0
2026-06-03 15:33:18.635854,2900.00,card,0,0,0
2026-06-03 14:48:39.919565,2900.00,card,0,0,0
2026-06-03 14:34:13.236939,3200.00,card,0,0,0
2026-06-03 13:33:07.644392,9800.000,USDT,0,0,139.637000
2026-06-03 12:37:20.63491,2900.00,card,0,0,0
2026-06-03 12:10:24.316923,9800.000,USDT,0,0,139.637000
2026-06-03 11:23:44.139546,14000.00,BALANCE,0,0,0
2026-06-03 10:52:31.413963,3100.00,card,0,0,0
2026-06-03 10:50:48.594163,1600.00,BALANCE,0,0,0
2026-06-03 09:28:50.910511,3200.00,card,0,0,0
2026-06-03 08:42:16.93612,2240.000,USDT,0,0,31.917000
2026-06-03 00:32:47.37173,1200.00,BALANCE,0,0,0
2026-06-03 00:02:13.349439,900.00,BALANCE,0,0,0
2026-06-02 23:17:16.786587,2900.00,BALANCE,0,0,0
