date_time,amount,method,id
2026-06-02 00:20:39.819907,1100.00,BALANCE,61615
2026-06-02 00:03:27.13554,950.00,BALANCE,61606
2026-06-01 23:09:48.072172,3080.000,USDT,61590
2026-06-01 22:05:39.835864,4400.00,BALANCE,61567
2026-06-01 22:00:01.425447,4100.00,card,61566
2026-06-01 21:56:23.793708,0.00,BALANCE,61563
2026-06-01 21:54:23.462222,0.00,BALANCE,61562
2026-06-01 21:35:24.68875,2870.000,USDT,61555
2026-06-01 21:30:02.552703,1700.0000,BTC,61554
2026-06-01 21:07:43.640091,1700.00,card,61551
2026-06-01 21:00:30.114233,4400.00,card,61550
2026-06-01 21:00:20.283097,4100.00,card,61549
2026-06-01 20:37:45.496507,2870.000,USDT,61544
2026-06-01 20:30:37.545789,1100.00,BALANCE,61543
2026-06-01 20:30:17.090796,4100.00,BALANCE,61542
2026-06-01 20:09:23.557065,100.00,BALANCE,61535
2026-06-01 19:37:51.484169,4400.00,card,61529
2026-06-01 19:31:56.799269,4100.00,card,61526
2026-06-01 18:59:05.2029,4970.000,USDT,61518
2026-06-01 18:58:56.321967,4970.000,USDT,61517
2026-06-01 18:58:46.454998,2870.000,USDT,61516
2026-06-01 18:56:08.391978,0.00,BALANCE,61509
2026-06-01 18:41:50.343667,4100.00,BALANCE,61497
2026-06-01 18:20:27.427474,1190.000,USDT,61487
2026-06-01 18:15:22.619333,3000.00,BALANCE,61481
2026-06-01 18:12:36.906937,2600.00,card,61478
2026-06-01 18:10:47.883432,4100.00,card,61477
2026-06-01 17:58:16.019249,3100.00,BALANCE,61468
2026-06-01 17:56:38.586446,4100.00,BALANCE,61467
2026-06-01 17:55:41.018563,7100.00,card,61466
2026-06-01 17:55:15.009096,4100.00,BALANCE,61465
2026-06-01 17:52:30.518147,1100.00,BALANCE,61458
2026-06-01 17:32:40.216815,800.00,BALANCE,61450
2026-06-01 17:28:37.522725,7100.00,card,61446
2026-06-01 17:21:58.363617,0.00,BALANCE,61442
2026-06-01 16:53:55.759079,1700.00,card,61426
2026-06-01 16:50:32.106188,2870.000,USDT,61425
2026-06-01 16:44:13.543501,4100.00,card,61423
2026-06-01 16:38:27.20127,4400.00,card,61421
2026-06-01 16:35:13.247656,4100.00,BALANCE,61420
2026-06-01 16:34:03.576308,4100.00,card,61419
2026-06-01 16:33:58.913507,2600.00,card,61418
2026-06-01 16:31:18.19429,2870.000,USDT,61417
2026-06-01 15:51:49.288227,3080.000,USDT,61391
2026-06-01 15:51:21.384817,1100.00,BALANCE,61390
2026-06-01 15:49:43.830555,4100.00,card,61389
2026-06-01 15:49:25.03636,4100.00,card,61388
2026-06-01 15:30:21.58373,1600.00,BALANCE,61387
2026-06-01 15:17:58.329761,4400.00,card,61382
2026-06-01 15:17:54.897883,2870.000,USDT,61381
2026-06-01 14:47:09.746272,4100.00,card,61372
2026-06-01 14:38:57.849787,2600.00,BALANCE,61370
2026-06-01 14:37:18.593439,0.00,BALANCE,61369
2026-06-01 14:28:21.113746,1100.00,BALANCE,61366
2026-06-01 13:18:40.30726,7100.00,BALANCE,61363
2026-06-01 13:17:54.237192,1700.00,BALANCE,61361
2026-06-01 12:54:26.229962,1100.00,BALANCE,61359
2026-06-01 12:11:29.678452,4100.00,card,61352
2026-06-01 11:32:21.757263,3600.00,BALANCE,61340
2026-06-01 11:26:45.801585,2600.00,card,61337
2026-06-01 10:56:43.08631,3485.0000,LTC,61329
2026-06-01 04:10:42.214262,2000.00,BALANCE,61303
2026-06-01 03:40:44.486498,2870.000,USDT,61298
2026-06-01 02:42:16.287384,2870.000,USDT,61279
2026-06-01 02:24:06.116885,3485.0000,LTC,61266
2026-05-31 23:19:43.400309,2870.000,USDT,61233
2026-05-31 23:05:38.117126,4100.00,BALANCE,61225
2026-05-31 22:38:00.320767,2870.000,USDT,61214
2026-05-31 22:29:55.288128,2100.000,USDT,61209
2026-05-31 22:26:10.827855,4100.00,BALANCE,61206
2026-05-31 21:46:12.943566,1400.000,USDT,61198
2026-05-31 20:48:00.168265,2870.000,USDT,61190
2026-05-31 20:44:43.19604,3080.000,USDT,61187
2026-05-31 20:42:57.497999,0.00,BALANCE,61183
2026-05-31 20:27:19.034876,2870.000,USDT,61176
2026-05-31 20:14:48.828798,4100.00,transa,61173
2026-05-31 20:11:46.019012,1520.00,BALANCE,61171
2026-05-31 19:53:04.019458,3000.00,transa,61159
2026-05-31 19:44:31.340421,0.00,BALANCE,61152
2026-05-31 19:37:05.838355,3080.000,USDT,61146
2026-05-31 19:36:12.552058,0.00,BALANCE,61145
2026-05-31 19:25:36.934194,4100.00,transa,61143
2026-05-31 19:22:55.634328,0.00,BALANCE,61142
2026-05-31 19:17:26.489795,0.00,BALANCE,61140
2026-05-31 19:16:43.342296,4100.00,transa,61139
2026-05-31 19:10:12.387487,4100.00,transa,61137
2026-05-31 19:01:22.335348,1190.000,USDT,61130
2026-05-31 18:58:16.806695,0.00,BALANCE,61129
2026-05-31 18:51:29.490589,4100.00,transa,61125
2026-05-31 18:50:35.289236,3080.000,USDT,61123
2026-05-31 18:48:35.068335,2870.000,USDT,61120
2026-05-31 18:40:27.473406,900.00,BALANCE,61114
2026-05-31 18:39:22.08202,0.00,BALANCE,61112
2026-05-31 18:35:44.886724,0.00,BALANCE,61108
2026-05-31 18:32:48.475355,4100.00,transa,61105
2026-05-31 18:29:52.376071,4100.00,transa,61099
2026-05-31 18:27:51.594778,4100.00,transa,61096
2026-05-31 18:20:43.293625,4100.00,transa,61087
2026-05-31 18:20:17.481331,4100.00,transa,61086
2026-05-31 18:13:57.281527,0.00,BALANCE,61084
2026-05-31 18:03:36.681346,2870.000,USDT,61078
2026-05-31 17:54:45.224525,1400.00,BALANCE,61071
2026-05-31 17:44:48.58203,4400.00,transa,61061
2026-05-31 17:43:36.506788,1100.00,BALANCE,61060
2026-05-31 17:34:08.242733,4100.00,transa,61055
2026-05-31 17:24:40.985592,2870.000,USDT,61050
2026-05-31 17:23:17.130391,4100.00,transa,61049
2026-05-31 17:18:52.500111,3000.00,transa,61048
2026-05-31 17:16:46.36091,1700.00,BALANCE,61047
2026-05-31 17:16:34.534294,4100.00,transa,61046
2026-05-31 17:11:15.553101,2600.00,transa,61045
2026-05-31 16:57:46.427509,4100.00,transa,61042
2026-05-31 16:36:08.364538,4100.00,transa,61038
2026-05-31 16:35:16.172702,4100.00,BALANCE,61037
2026-05-31 16:26:52.180571,1700.00,BALANCE,61031
2026-05-31 16:21:25.451012,4100.00,BALANCE,61028
2026-05-31 16:12:46.887259,4100.00,transa,61025
2026-05-31 16:06:47.575491,4100.00,card,61023
2026-05-31 15:57:05.590685,7100.00,card,61021
2026-05-31 15:54:54.568457,4100.00,BALANCE,61020
2026-05-31 15:34:26.779847,4100.00,transa,61019
2026-05-31 15:33:05.994439,4100.00,card,61018
2026-05-31 15:21:28.133513,4100.00,BALANCE,61017
2026-05-31 15:20:09.434617,4400.00,card,61016
2026-05-31 15:10:16.485987,3000.00,card,61015
2026-05-31 14:35:59.576365,0.00,BALANCE,61013
2026-05-31 14:17:07.542039,4100.00,card,61012
2026-05-31 13:59:29.351983,4100.00,card,61009
2026-05-31 13:55:08.192711,4100.00,transa,61008
2026-05-31 13:47:28.08585,4100.00,transa,61007
2026-05-31 13:45:45.017447,2000.00,BALANCE,61006
2026-05-31 13:36:48.934222,3000.00,card,61004
2026-05-31 13:26:20.341882,4100.00,card,61003
2026-05-31 13:25:23.775809,4100.00,card,61000
2026-05-31 13:14:21.02943,3000.00,card,60997
2026-05-31 13:02:29.879216,4100.00,BALANCE,60994
2026-05-31 12:49:31.822806,1900.00,BALANCE,60990
2026-05-31 12:24:52.385178,1100.00,BALANCE,60987
2026-05-31 12:13:56.076711,4970.000,USDT,60983
2026-05-31 11:38:30.339475,4100.00,transa,60982
2026-05-31 11:25:02.510685,4100.00,transa,60981
2026-05-31 10:54:34.839632,3080.000,USDT,60978
2026-05-31 10:47:04.235775,2870.000,USDT,60977
2026-05-31 10:22:45.669583,2600.00,BALANCE,60967
2026-05-31 10:14:41.61556,2600.00,transa,60966
2026-05-31 08:29:42.738968,4100.00,BALANCE,60952
2026-05-31 08:21:29.719864,4970.000,USDT,60950
2026-05-31 08:16:01.726274,3080.000,USDT,60948
2026-05-31 06:35:46.4869,4100.00,BALANCE,60938
2026-05-31 05:34:35.115684,4400.00,BALANCE,60937
2026-05-31 05:08:32.695864,4100.00,transa,60934
2026-05-31 04:46:48.033601,0.00,BALANCE,60920
2026-05-31 04:39:17.440719,4970.000,USDT,60919
2026-05-31 04:21:34.050583,3080.000,USDT,60916
2026-05-31 04:00:04.172,1100.00,BALANCE,60910
2026-05-31 03:50:38.96545,0.00,BALANCE,60908
2026-05-31 03:49:08.59805,2870.000,USDT,60907
2026-05-31 03:26:46.627293,1700.00,BALANCE,60899
2026-05-31 02:55:42.433751,4100.00,transa,60891
2026-05-31 01:38:49.130403,4970.000,USDT,60876
2026-05-31 01:24:01.263245,3740.0000,LTC,60870
2026-05-31 01:04:52.269079,4100.00,BALANCE,60864
2026-05-31 01:01:41.734975,1100.00,BALANCE,60863
2026-05-31 00:59:22.561741,4100.00,BALANCE,60860
2026-05-31 00:57:55.606282,4100.00,BALANCE,60858
2026-05-31 00:01:31.90628,2870.000,USDT,60841
2026-05-30 23:35:34.434867,2000.00,nirvana,60832
2026-05-30 22:49:19.249679,1700.00,nirvana,60813
2026-05-30 22:28:22.10481,2200.00,BALANCE,60807
2026-05-30 22:00:18.179663,4100.00,transa,60800
2026-05-30 21:47:38.745064,2100.00,BALANCE,60796
2026-05-30 21:25:33.151019,4100.00,transa,60794
2026-05-30 20:57:57.421367,4100.00,transa,60793
2026-05-30 20:48:20.506691,4100.00,transa,60791
2026-05-30 20:33:37.180802,3000.00,transa,60789
2026-05-30 20:14:29.771898,3000.00,transa,60787
2026-05-30 19:57:48.28028,2870.000,USDT,60769
2026-05-30 19:49:23.40049,4100.00,transa,60766
2026-05-30 19:21:24.642468,4100.00,BALANCE,60753
2026-05-30 19:18:15.046371,4100.00,card,60750
2026-05-30 19:13:21.847137,4100.00,card,60748
2026-05-30 19:12:26.902981,4100.00,BALANCE,60747
2026-05-30 19:11:01.910512,2870.000,USDT,60746
2026-05-30 18:53:33.68241,4100.00,transa,60740
2026-05-30 18:18:58.386537,4100.00,BALANCE,60735
2026-05-30 18:07:08.235333,4100.00,transa,60731
2026-05-30 18:04:45.59913,0.00,BALANCE,60730
2026-05-30 18:02:41.077386,7100.00,card,60729
2026-05-30 17:45:50.115721,2000.00,card,60726
2026-05-30 17:44:43.79163,4100.00,transa,60725
2026-05-30 17:19:49.919917,4100.00,transa,60720
2026-05-30 17:19:39.18595,0.00,BALANCE,60719
2026-05-30 17:00:16.790617,4100.00,transa,60716
2026-05-30 16:58:14.235707,2100.000,USDT,60715
2026-05-30 16:47:53.888169,1100.00,BALANCE,60708
2026-05-30 16:31:27.605384,4100.00,transa,60704
2026-05-30 16:19:07.327302,0.00,BALANCE,60702
2026-05-30 16:18:25.590391,0.00,BALANCE,60701
2026-05-30 16:17:53.881454,0.00,BALANCE,60700
2026-05-30 16:09:10.716351,0.00,BALANCE,60699
2026-05-30 16:04:30.238523,0.00,BALANCE,60698
2026-05-30 15:56:56.537633,2000.00,transa,60697
2026-05-30 15:46:44.546945,1700.00,card,60694
2026-05-30 15:42:22.348225,4100.00,card,60693
2026-05-30 15:20:28.349982,4100.00,transa,60691
2026-05-30 15:20:25.558632,3000.00,card,60690
2026-05-30 15:10:24.596825,4400.00,card,60684
2026-05-30 14:54:35.45058,2600.00,card,60683
2026-05-30 14:53:19.890715,1700.00,BALANCE,60682
2026-05-30 14:51:25.431224,1700.00,card,60679
2026-05-30 14:49:27.296992,1000.00,BALANCE,60677
2026-05-30 14:48:12.296581,4100.00,transa,60676
2026-05-30 14:29:40.16816,4970.000,USDT,60674
2026-05-30 14:18:27.376702,1400.00,BALANCE,60673
2026-05-30 14:02:10.938091,4100.00,transa,60669
2026-05-30 13:26:34.201063,4400.00,card,60662
2026-05-30 13:18:25.189876,1000.00,BALANCE,60661
2026-05-30 13:08:22.140419,4970.000,USDT,60656
2026-05-30 12:56:00.124681,1700.00,card,60654
2026-05-30 12:48:20.251354,2600.00,transa,60651
2026-05-30 12:46:36.084312,0.00,BALANCE,60650
2026-05-30 12:45:40.318385,4100.00,transa,60649
2026-05-30 12:42:36.501277,4100.00,BALANCE,60647
2026-05-30 12:41:40.801956,4100.00,BALANCE,60645
2026-05-30 12:37:08.765852,4400.00,card,60644
2026-05-30 12:32:11.671793,3000.00,card,60642
2026-05-30 12:12:49.920051,4100.00,BALANCE,60635
2026-05-30 11:19:16.666999,4100.00,transa,60620
2026-05-30 10:57:38.712289,4100.00,BALANCE,60615
2026-05-30 10:53:01.311936,4100.00,card,60614
2026-05-30 09:36:46.929542,4100.00,card,60610
2026-05-30 08:47:12.968096,3000.00,transa,60607
2026-05-30 08:24:46.823753,4100.00,transa,60605
2026-05-30 08:15:55.393984,3000.00,card,60602
2026-05-30 08:13:05.570037,2870.000,USDT,60601
2026-05-30 07:30:48.853044,4100.00,card,60591
2026-05-30 07:30:25.496026,4970.000,USDT,60590
2026-05-30 07:11:04.009529,4100.00,BALANCE,60587
2026-05-30 07:10:12.440077,4100.00,transa,60586
2026-05-30 06:56:25.404398,4970.000,USDT,60583
2026-05-30 06:42:12.94721,3080.000,USDT,60582
2026-05-30 06:41:30.294821,3000.00,card,60580
2026-05-30 06:40:50.490053,4970.000,USDT,60579
2026-05-30 06:38:01.841866,2870.000,USDT,60576
2026-05-30 05:48:42.712915,4100.00,transa,60573
2026-05-30 05:48:01.768388,4400.00,card,60572
2026-05-30 04:46:34.502095,1700.00,BALANCE,60566
2026-05-30 04:39:08.423035,2870.000,USDT,60562
2026-05-30 02:39:32.193929,4100.00,card,60553
2026-05-30 02:25:45.868505,2870.000,USDT,60552
2026-05-30 01:52:38.697414,4100.00,card,60549
2026-05-30 01:24:34.802058,4100.00,transa,60547
2026-05-30 01:21:39.635902,4100.00,transa,60545
2026-05-30 00:23:59.038793,3080.000,USDT,60540
2026-05-29 23:59:34.141216,3080.000,USDT,60535
2026-05-29 23:59:08.689815,4100.00,BALANCE,60534
2026-05-29 23:41:10.469034,2870.000,USDT,60530
2026-05-29 23:18:53.809156,2100.000,USDT,60524
2026-05-29 23:00:09.890245,4100.00,BALANCE,60520
2026-05-29 22:51:16.523171,4400.00,nirvana,60517
2026-05-29 22:39:01.302071,4100.00,BALANCE,60508
2026-05-29 22:23:53.879884,3080.000,USDT,60501
2026-05-29 22:20:46.151911,3000.00,BALANCE,60500
2026-05-29 21:39:18.05391,4970.000,USDT,60492
2026-05-29 21:36:46.894161,4100.00,transa,60491
2026-05-29 21:29:25.617661,0.00,BALANCE,60489
2026-05-29 21:28:38.301578,4100.00,BALANCE,60488
2026-05-29 21:27:31.416635,4100.00,transa,60487
2026-05-29 21:26:52.426638,4100.00,BALANCE,60486
2026-05-29 21:05:08.637615,2870.000,USDT,60484
2026-05-29 21:02:38.027355,4100.00,transa,60483
2026-05-29 21:02:36.71552,0.00,BALANCE,60482
2026-05-29 20:59:12.598676,2100.000,USDT,60481
2026-05-29 20:56:13.673214,2870.000,USDT,60479
2026-05-29 20:03:30.669347,4100.00,transa,60465
2026-05-29 20:01:01.404066,4970.000,USDT,60464
2026-05-29 19:53:31.450772,1700.00,card,60463
2026-05-29 19:36:50.379609,3000.00,card,60459
2026-05-29 19:35:16.452197,2940.000,USDT,60458
2026-05-29 19:25:29.324632,4100.00,BALANCE,60453
2026-05-29 19:23:31.847259,4200.00,BALANCE,60452
2026-05-29 19:20:53.125141,3000.00,card,60450
2026-05-29 19:18:45.527587,4200.00,transa,60449
2026-05-29 19:17:17.675863,1100.00,BALANCE,60448
2026-05-29 19:08:27.836241,4100.00,card,60444
2026-05-29 19:07:56.505093,3000.00,card,60443
2026-05-29 19:05:22.096401,4100.00,transa,60442
2026-05-29 19:00:01.040607,4100.00,BALANCE,60441
2026-05-29 18:59:05.921408,1700.00,transa,60440
2026-05-29 18:47:24.916041,3000.00,transa,60438
2026-05-29 18:33:30.583392,3000.00,card,60435
2026-05-29 18:20:14.087285,4100.00,card,60433
2026-05-29 18:12:15.316053,4100.00,transa,60430
2026-05-29 18:04:30.189463,4100.00,transa,60428
2026-05-29 18:02:42.802077,2870.000,USDT,60426
2026-05-29 17:57:00.933186,4400.00,card,60424
2026-05-29 17:30:55.68148,4100.00,transa,60415
2026-05-29 17:29:47.764438,3000.00,card,60413
2026-05-29 17:03:37.809045,4100.00,transa,60409
2026-05-29 16:57:48.401795,4100.00,card,60405
2026-05-29 16:57:42.057279,2000.00,card,60404
2026-05-29 16:52:46.649117,4100.00,card,60401
2026-05-29 16:32:11.618114,4100.00,transa,60397
2026-05-29 16:27:44.69479,3000.00,transa,60396
2026-05-29 15:47:53.051954,2870.000,USDT,60389
2026-05-29 15:41:00.787688,2600.00,transa,60388
2026-05-29 15:40:41.954011,4100.00,transa,60387
2026-05-29 15:31:02.529365,4100.00,transa,60384
2026-05-29 15:28:59.977275,2000.00,BALANCE,60383
2026-05-29 15:20:40.050023,4400.00,card,60382
2026-05-29 15:17:59.543805,4100.00,card,60381
2026-05-29 15:00:40.283232,1500.00,BALANCE,60379
2026-05-29 14:24:57.440559,0.00,BALANCE,60375
2026-05-29 14:10:57.655932,0.00,BALANCE,60371
2026-05-29 14:05:09.59104,4100.00,transa,60370
2026-05-29 14:00:00.690417,4100.00,card,60368
2026-05-29 13:47:09.084916,4100.00,transa,60366
2026-05-29 13:42:07.491557,4100.00,transa,60364
2026-05-29 13:24:44.19512,4100.00,BALANCE,60360
2026-05-29 13:00:45.790769,1700.00,BALANCE,60355
2026-05-29 12:54:56.43203,3000.00,card,60354
2026-05-29 12:41:14.957,4100.00,card,60353
2026-05-29 12:00:09.260948,4100.00,BALANCE,60348
2026-05-29 11:52:22.075963,4100.00,card,60347
2026-05-29 10:56:55.161197,1100.00,BALANCE,60341
2026-05-29 10:56:10.300723,7100.00,card,60339
2026-05-29 09:33:21.904164,1100.00,BALANCE,60333
2026-05-29 08:19:50.824098,3000.00,transa,60328
2026-05-29 07:46:46.848342,2100.000,USDT,60326
2026-05-29 07:16:38.856835,4100.00,card,60323
2026-05-29 06:45:54.930448,4100.00,card,60315
2026-05-29 04:46:42.422811,4100.00,BALANCE,60308
2026-05-29 03:59:48.263986,1700.00,card,60306
2026-05-29 02:52:51.910496,4100.00,transa,60303
2026-05-29 02:37:04.792566,0.00,BALANCE,60301
2026-05-29 02:28:47.24089,4100.00,BALANCE,60299
2026-05-29 02:16:07.176207,4100.00,transa,60296
2026-05-29 01:20:28.144491,2870.000,USDT,60293
2026-05-29 01:17:35.394119,4100.00,transa,60292
2026-05-29 01:07:13.87198,4100.00,transa,60290
2026-05-29 00:41:23.135917,2870.000,USDT,60286
2026-05-29 00:30:53.931315,4100.00,transa,60284
2026-05-29 00:10:05.739467,4100.00,transa,60282
2026-05-28 23:10:13.601346,2600.00,transa,60279
2026-05-28 23:10:04.396717,0.00,BALANCE,60278
2026-05-28 23:00:03.398958,4100.00,transa,60276
2026-05-28 22:45:16.065512,4100.00,BALANCE,60274
2026-05-28 22:38:52.075811,3400.00,BALANCE,60273
2026-05-28 22:17:53.384635,4100.00,transa,60264
2026-05-28 21:56:31.80206,4100.00,transa,60261
2026-05-28 21:55:27.699333,1100.00,BALANCE,60259
2026-05-28 21:41:23.648816,4100.00,transa,60254
2026-05-28 21:39:37.59956,4100.00,BALANCE,60253
2026-05-28 21:38:26.724147,3000.00,BALANCE,60252
2026-05-28 21:23:26.346693,2100.000,USDT,60249
2026-05-28 21:12:03.582093,4100.00,BALANCE,60246
2026-05-28 21:06:39.054801,4100.00,transa,60244
2026-05-28 20:41:15.718379,7100.00,transa,60232
2026-05-28 20:13:33.834345,4100.00,transa,60224
2026-05-28 20:09:11.383051,2870.000,USDT,60219
2026-05-28 20:04:47.024349,4100.00,transa,60216
2026-05-28 19:38:11.457903,2600.00,transa,60205
2026-05-28 19:33:55.216423,4100.00,transa,60204
2026-05-28 19:24:55.140126,4970.000,USDT,60203
2026-05-28 19:08:03.988508,3000.00,BALANCE,60200
2026-05-28 18:56:35.537115,4100.00,card,60198
2026-05-28 18:45:22.643808,3000.00,card,60195
2026-05-28 18:40:18.596221,4100.00,BALANCE,60194
2026-05-28 18:37:04.029295,2000.00,BALANCE,60193
2026-05-28 18:04:51.973903,4100.00,transa,60187
2026-05-28 17:58:56.30003,1700.00,card,60185
2026-05-28 17:56:18.392976,1100.00,BALANCE,60183
2026-05-28 17:42:24.892731,4100.00,transa,60177
2026-05-28 17:28:19.647632,4100.00,card,60174
2026-05-28 17:17:34.532927,1700.00,card,60171
2026-05-28 17:14:58.370111,2000.00,BALANCE,60170
2026-05-28 17:10:49.364549,0.00,BALANCE,60169
2026-05-28 16:59:43.105565,1100.00,BALANCE,60166
2026-05-28 16:54:05.747433,3000.00,BALANCE,60165
2026-05-28 16:44:55.173291,1100.00,BALANCE,60163
2026-05-28 16:35:18.334036,3100.00,BALANCE,60160
2026-05-28 16:22:03.447065,1700.00,card,60156
2026-05-28 16:02:34.234047,0.00,BALANCE,60148
2026-05-28 16:01:14.623149,2100.000,USDT,60146
2026-05-28 16:00:34.22842,2000.00,BALANCE,60144
2026-05-28 16:00:17.862163,1100.00,BALANCE,60143
2026-05-28 15:54:35.903558,4100.00,card,60139
2026-05-28 15:53:31.282412,0.00,BALANCE,60138
2026-05-28 15:50:02.562522,0.00,BALANCE,60137
2026-05-28 15:49:04.084163,2870.000,USDT,60136
2026-05-28 15:48:08.274063,3000.00,BALANCE,60135
2026-05-28 15:38:59.128888,1700.00,BALANCE,60133
2026-05-28 15:24:12.798175,4100.00,transa,60125
2026-05-28 15:12:08.5851,3000.00,transa,60119
2026-05-28 14:43:58.956528,1500.00,BALANCE,60118
2026-05-28 14:41:54.197032,4200.00,BALANCE,60117
2026-05-28 14:27:10.034891,4100.00,transa,60114
2026-05-28 14:18:24.586527,4100.00,transa,60111
2026-05-28 14:00:03.105147,7100.00,transa,60108
2026-05-28 13:41:22.593874,0.00,BALANCE,60105
2026-05-28 13:40:02.694578,0.00,BALANCE,60104
2026-05-28 12:56:11.675725,2870.000,USDT,60099
2026-05-28 12:55:44.055034,4100.00,card,60098
2026-05-28 12:48:19.188992,4100.00,transa,60097
2026-05-28 12:40:28.042428,2870.000,USDT,60094
2026-05-28 12:19:45.609569,4100.00,card,60092
2026-05-28 12:08:13.380409,2100.000,USDT,60090
2026-05-28 12:06:08.063903,4100.00,card,60088
2026-05-28 11:32:38.463783,2870.000,USDT,60080
2026-05-28 11:21:03.480148,2870.000,USDT,60079
2026-05-28 11:06:59.928464,2000.00,card,60076
2026-05-28 10:58:13.914152,3100.00,BALANCE,60073
2026-05-28 09:22:57.706524,4100.00,BALANCE,60067
2026-05-28 08:27:03.117012,4100.00,transa,60060
2026-05-28 07:53:18.449214,4100.00,card,60058
2026-05-28 07:49:48.821414,1700.00,card,60057
2026-05-28 06:40:51.962791,4100.00,transa,60050
2026-05-28 06:14:52.129959,2870.000,USDT,60049
2026-05-28 05:13:52.065879,4100.00,BALANCE,60045
2026-05-28 03:06:18.19079,4970.000,USDT,60041
2026-05-28 02:25:15.177106,4100.00,transa,60039
2026-05-28 01:29:51.213318,1700.00,card,60035
2026-05-28 01:15:20.118738,3000.00,transa,60034
2026-05-28 00:42:26.199838,2870.000,USDT,60033
2026-05-28 00:26:21.748405,4100.00,card,60032
2026-05-28 00:11:03.626387,3000.00,card,60029
2026-05-27 23:37:07.406073,2870.000,USDT,60024
2026-05-27 23:34:45.010721,3000.00,transa,60022
2026-05-27 23:21:35.672127,4100.00,transa,60020
2026-05-27 23:01:53.964015,4100.00,transa,60019
2026-05-27 22:35:18.93716,1700.00,BALANCE,60014
2026-05-27 22:06:13.038104,1700.00,transa,60013
2026-05-27 21:42:09.044463,4100.00,transa,60011
2026-05-27 21:38:36.982704,4100.00,transa,60010
2026-05-27 21:37:26.777727,4100.00,BALANCE,60009
2026-05-27 21:33:45.133997,4100.00,card,60008
2026-05-27 20:59:00.17201,4100.00,card,60002
2026-05-27 20:55:21.795635,4000.00,BALANCE,60001
2026-05-27 20:53:34.028905,0.00,BALANCE,59999
2026-05-27 20:33:58.241473,4100.00,transa,59997
2026-05-27 20:26:23.188287,4100.00,card,59996
2026-05-27 20:03:31.76071,4100.00,transa,59994
2026-05-27 19:40:48.262061,1100.00,BALANCE,59989
2026-05-27 19:26:16.70393,1700.00,transa,59987
2026-05-27 19:15:24.899331,2870.000,USDT,59985
2026-05-27 19:04:37.60388,4970.000,USDT,59983
2026-05-27 18:55:05.734939,3000.00,BALANCE,59982
2026-05-27 18:53:49.731752,4100.00,card,59981
2026-05-27 18:50:22.896862,4100.00,transa,59980
2026-05-27 18:34:06.985387,4100.00,transa,59976
2026-05-27 18:33:15.70412,4100.00,transa,59975
2026-05-27 18:11:25.759232,4100.00,transa,59972
2026-05-27 18:10:57.49532,4200.00,BALANCE,59971
2026-05-27 18:09:47.443134,3500.00,BALANCE,59970
2026-05-27 18:08:40.496084,200.00,BALANCE,59969
2026-05-27 18:02:13.740165,7100.00,transa,59965
2026-05-27 17:49:05.629909,4100.00,transa,59955
2026-05-27 17:29:12.572832,4100.00,card,59940
2026-05-27 16:58:52.504309,7100.00,BALANCE,59936
2026-05-27 16:54:24.947877,4100.00,BALANCE,59934
2026-05-27 16:53:14.116635,7100.00,BALANCE,59933
2026-05-27 16:51:33.496584,4100.00,BALANCE,59931
2026-05-27 16:50:32.625676,4100.00,BALANCE,59930
2026-05-27 16:18:08.195357,4100.00,BALANCE,59926
2026-05-27 15:24:22.784329,7100.00,transa,59917
2026-05-27 15:18:49.502571,2870.000,USDT,59915
2026-05-27 15:16:22.094801,4100.00,card,59913
2026-05-27 15:15:38.327275,3000.00,BALANCE,59912
2026-05-27 14:36:09.02217,2600.00,BALANCE,59907
2026-05-27 13:55:27.728395,4100.00,transa,59900
2026-05-27 13:45:09.772922,3100.00,BALANCE,59897
2026-05-27 13:21:30.659738,2600.00,card,59893
2026-05-27 13:20:52.567162,4100.00,BALANCE,59892
2026-05-27 13:19:48.492945,4100.00,BALANCE,59890
2026-05-27 13:03:25.770715,1100.00,BALANCE,59887
2026-05-27 12:59:54.09218,4100.00,BALANCE,59882
2026-05-27 12:55:45.318019,1700.00,BALANCE,59881
2026-05-27 12:52:28.826685,4100.00,BALANCE,59878
2026-05-27 12:31:48.494063,4100.00,BALANCE,59871
2026-05-27 12:31:15.56721,2600.00,BALANCE,59870
2026-05-27 12:13:34.483267,4100.00,BALANCE,59867
2026-05-27 11:59:04.811872,2600.00,BALANCE,59866
2026-05-27 11:50:32.902445,4100.00,transa,59863
2026-05-27 11:48:26.652741,4100.00,card,59860
2026-05-27 11:35:50.216057,2600.00,transa,59858
2026-05-27 11:31:58.256177,1700.00,card,59856
2026-05-27 11:31:50.490753,2600.00,transa,59855
2026-05-27 11:12:25.880937,7100.00,card,59854
2026-05-27 10:03:05.072619,7100.00,transa,59851
2026-05-27 08:54:20.866089,7100.00,transa,59842
2026-05-27 05:02:01.592592,4100.00,transa,59836
2026-05-27 04:16:03.986762,4970.000,USDT,59833
2026-05-27 03:55:24.964586,4100.00,transa,59830
2026-05-27 03:06:17.794527,4100.00,BALANCE,59826
2026-05-27 02:02:04.781015,4100.00,transa,59824
2026-05-27 01:43:50.260629,4100.00,card,59821
2026-05-26 23:15:29.796755,4100.00,transa,59797
2026-05-26 22:53:22.191861,0.00,BALANCE,59795
2026-05-26 22:13:48.054936,7100.00,transa,59782
2026-05-26 21:45:41.697788,4100.00,card,59776
2026-05-26 21:25:46.086891,4100.00,card,59767
2026-05-26 21:06:44.518055,2600.00,BALANCE,59766
2026-05-26 21:00:48.509132,4100.00,BALANCE,59764
2026-05-26 20:53:47.136491,4100.00,transa,59763
2026-05-26 20:53:15.72975,4100.00,BALANCE,59762
2026-05-26 20:42:56.312214,7100.00,BALANCE,59760
2026-05-26 20:38:36.815403,4970.000,USDT,59758
2026-05-26 20:31:46.677602,4100.00,card,59756
2026-05-26 20:23:09.377831,5100.00,BALANCE,59755
2026-05-26 19:46:35.739581,400.00,BALANCE,59751
2026-05-26 19:36:00.594274,4100.00,transa,59748
2026-05-26 19:20:35.125917,4100.00,transa,59745
2026-05-26 18:50:16.962578,4100.00,transa,59742
2026-05-26 18:46:06.708679,4100.00,card,59741
2026-05-26 18:28:45.251005,4100.00,transa,59737
2026-05-26 18:28:27.784344,4100.00,transa,59736
2026-05-26 17:50:22.371227,2870.000,USDT,59734
2026-05-26 17:47:39.152267,4100.00,transa,59732
2026-05-26 17:17:16.986612,4100.00,BALANCE,59728
2026-05-26 17:07:35.328265,1700.00,card,59723
2026-05-26 16:40:39.286137,7100.00,card,59721
2026-05-26 16:24:27.781598,2870.000,USDT,59719
2026-05-26 16:10:56.453562,1000.00,BALANCE,59717
2026-05-26 16:10:13.29023,4100.00,transa,59716
2026-05-26 15:58:43.197117,4100.00,card,59714
2026-05-26 15:49:23.000502,4100.00,transa,59713
2026-05-26 15:27:30.275227,300.00,BALANCE,59712
2026-05-26 15:17:19.599258,4100.00,transa,59709
2026-05-26 15:06:06.684021,3000.00,nirvana,59707
2026-05-26 15:03:01.413893,4000.00,transa,59706
2026-05-26 14:44:30.824612,4000.00,transa,59705
2026-05-26 14:38:11.322954,2600.00,transa,59704
2026-05-26 14:31:25.897721,2600.00,card,59703
2026-05-26 14:28:31.572969,2000.00,card,59702
2026-05-26 14:23:38.91163,4000.00,transa,59700
2026-05-26 13:51:47.659979,4000.00,BALANCE,59697
2026-05-26 13:44:08.052328,2000.00,BALANCE,59694
2026-05-26 13:33:51.721682,4000.00,BALANCE,59691
2026-05-26 13:27:22.54509,3000.00,BALANCE,59689
2026-05-26 13:14:51.401056,1000.00,BALANCE,59686
2026-05-26 13:06:48.07746,4000.00,card,59684
2026-05-26 12:38:02.354836,4000.00,card,59681
2026-05-26 12:32:39.050416,7100.00,transa,59680
2026-05-26 12:20:25.992343,4000.00,BALANCE,59677
2026-05-26 12:10:15.774878,4000.00,transa,59676
2026-05-26 12:06:38.687469,4000.00,card,59675
2026-05-26 12:04:26.821857,4000.00,transa,59674
2026-05-26 12:00:00.110536,4000.00,card,59672
2026-05-26 10:28:58.634016,3000.00,card,59669
2026-05-26 10:28:06.434956,4000.00,transa,59668
2026-05-26 07:44:12.410675,4000.00,transa,59650
2026-05-26 06:27:04.740469,7100.00,transa,59643
2026-05-26 05:12:46.168014,1000.00,BALANCE,59638
2026-05-26 04:07:06.127229,1000.00,BALANCE,59635
2026-05-26 00:26:52.027758,2800.000,USDT,59624
2026-05-26 00:25:13.415469,4000.00,card,59623
2026-05-26 00:16:13.497217,4000.00,card,59622
2026-05-25 23:49:53.589151,4000.00,card,59619
2026-05-25 23:15:19.186595,2600.00,transa,59616
2026-05-25 22:54:09.737819,2000.00,transa,59615
2026-05-25 22:47:08.741926,4000.00,card,59613
2026-05-25 22:42:32.984734,3000.00,card,59612
2026-05-25 22:38:58.01045,3000.00,card,59610
2026-05-25 22:37:58.741866,2500.00,BALANCE,59609
2026-05-25 22:09:18.982543,3000.00,BALANCE,59600
2026-05-25 21:53:08.482742,4000.00,transa,59598
2026-05-25 21:50:39.839152,4000.00,transa,59597
2026-05-25 21:49:40.871106,900.00,BALANCE,59595
2026-05-25 21:39:11.782131,4000.00,card,59592
2026-05-25 21:05:24.199586,100.00,BALANCE,59588
2026-05-25 20:45:10.863308,4000.00,BALANCE,59587
2026-05-25 20:06:44.718757,4000.00,card,59583
2026-05-25 19:49:26.600282,2800.000,USDT,59581
2026-05-25 19:42:54.545288,4000.00,card,59579
2026-05-25 19:36:24.725414,3000.00,BALANCE,59577
2026-05-25 19:18:28.890627,4000.00,BALANCE,59574
2026-05-25 19:18:12.998259,4000.00,transa,59573
2026-05-25 19:00:26.997732,4000.00,transa,59569
2026-05-25 18:37:40.907018,4000.00,card,59567
2026-05-25 18:28:50.017458,1000.00,BALANCE,59565
2026-05-25 18:24:54.062448,2600.00,transa,59564
2026-05-25 18:13:39.708193,4000.00,transa,59555
2026-05-25 18:12:45.098993,4000.00,BALANCE,59554
2026-05-25 18:04:59.973331,4000.00,transa,59550
2026-05-25 17:54:04.654879,1700.00,card,59545
2026-05-25 17:39:31.764043,4000.00,BALANCE,59543
2026-05-25 17:39:01.559949,4000.00,card,59542
2026-05-25 17:09:54.362739,2000.00,BALANCE,59538
2026-05-25 16:59:34.605268,4000.00,transa,59536
2026-05-25 16:51:20.705136,4000.00,transa,59535
2026-05-25 16:46:59.732541,4000.00,card,59534
2026-05-25 16:35:25.326334,4000.00,BALANCE,59533
2026-05-25 16:22:26.28515,3000.00,card,59526
2026-05-25 16:16:34.295258,0.00,BALANCE,59524
2026-05-25 16:11:42.79361,3000.00,card,59523
2026-05-25 16:09:47.462904,4000.00,transa,59522
2026-05-25 16:09:45.697153,2700.00,BALANCE,59521
2026-05-25 15:51:30.568839,1000.00,BALANCE,59515
2026-05-25 15:38:58.680352,4000.00,transa,59511
2026-05-25 15:36:47.332672,3000.00,card,59510
2026-05-25 15:31:08.983806,4000.00,transa,59508
2026-05-25 15:25:14.995538,3000.00,BALANCE,59507
2026-05-25 15:24:58.356226,4000.00,BALANCE,59506
2026-05-25 15:19:51.856628,4000.00,BALANCE,59505
2026-05-25 15:19:12.411451,2100.000,USDT,59504
2026-05-25 15:14:47.21261,4000.00,card,59501
2026-05-25 15:14:03.294874,4000.00,transa,59499
2026-05-25 15:13:50.063689,4000.00,transa,59498
2026-05-25 15:11:33.847289,4000.00,transa,59495
2026-05-25 15:09:09.286898,3000.00,BALANCE,59493
2026-05-25 15:03:03.206585,4000.00,BALANCE,59491
2026-05-25 15:02:11.483013,4000.00,BALANCE,59489
2026-05-25 15:01:38.236033,7100.00,transa,59488
2026-05-25 14:53:22.771594,2100.000,USDT,59487
2026-05-25 14:49:51.052587,4000.00,BALANCE,59486
2026-05-25 14:44:43.060583,0.00,BALANCE,59485
2026-05-25 14:43:18.218819,4000.00,BALANCE,59484
2026-05-25 14:34:20.855542,900.00,BALANCE,59483
2026-05-25 14:02:20.65373,2800.000,USDT,59469
2026-05-25 13:32:05.887862,4000.00,transa,59461
2026-05-25 13:06:23.989027,4000.00,card,59454
2026-05-25 13:00:17.093756,4000.00,transa,59453
2026-05-25 12:56:32.231227,2800.000,USDT,59450
2026-05-25 12:37:23.372343,2800.000,USDT,59444
2026-05-25 12:30:42.993171,3000.00,card,59442
2026-05-25 11:12:13.501712,7100.00,card,59435
2026-05-25 10:49:17.82917,2800.000,USDT,59433
2026-05-25 10:35:28.238987,2800.000,USDT,59430
2026-05-25 08:58:53.147593,7100.00,transa,59422
2026-05-25 08:56:05.70601,7100.00,transa,59421
2026-05-25 08:10:29.930314,2800.000,USDT,59418
2026-05-25 08:10:06.661816,4000.00,transa,59417
2026-05-25 04:50:44.495244,2800.000,USDT,59411
2026-05-25 03:12:10.720024,4000.00,transa,59409
2026-05-25 02:12:43.39304,4000.00,BALANCE,59397
2026-05-25 02:09:25.626857,4000.00,BALANCE,59396
2026-05-25 02:02:04.690281,3000.00,BALANCE,59391
2026-05-25 01:55:00.759554,1000.00,BALANCE,59387
2026-05-25 01:36:02.551949,2800.000,USDT,59384
2026-05-25 01:32:41.554453,4000.00,transa,59382
2026-05-25 01:11:12.616693,1100.00,BALANCE,59380
2026-05-25 00:39:14.480926,2000.00,transa,59368
2026-05-25 00:31:45.226398,4000.00,transa,59366
2026-05-25 00:03:18.307292,0.00,BALANCE,59353
2026-05-24 23:49:43.713385,2000.00,BALANCE,59351
2026-05-24 23:28:05.97878,2100.000,USDT,59342
2026-05-24 22:54:46.412945,2600.00,transa,59338
2026-05-24 22:42:37.994234,3000.00,transa,59336
2026-05-24 22:38:08.364902,2600.00,transa,59334
2026-05-24 22:27:26.932121,4200.00,BALANCE,59327
2026-05-24 22:00:13.844341,2800.000,USDT,59326
2026-05-24 21:39:03.859457,2100.000,USDT,59324
2026-05-24 21:17:02.612583,4000.00,BALANCE,59320
2026-05-24 21:11:44.739092,2940.000,USDT,59318
2026-05-24 21:06:23.255281,2800.000,USDT,59316
2026-05-24 20:45:43.764172,4000.00,transa,59313
2026-05-24 20:30:37.747992,4200.00,transa,59311
2026-05-24 20:10:40.714711,4000.00,transa,59309
2026-05-24 19:06:44.838168,3000.00,nirvana,59276
2026-05-24 18:43:55.928091,0.00,BALANCE,59263
2026-05-24 18:35:25.594112,4000.00,transa,59262
2026-05-24 18:19:36.18123,4000.00,transa,59256
2026-05-24 18:11:43.905835,0.00,BALANCE,59253
2026-05-24 18:03:57.491939,2500.00,BALANCE,59250
2026-05-24 17:56:20.27843,2800.000,USDT,59243
2026-05-24 17:54:26.547997,4000.00,transa,59241
2026-05-24 17:48:28.214786,4000.00,BALANCE,59240
2026-05-24 17:37:28.545007,3000.00,nirvana,59238
2026-05-24 17:32:47.995905,2100.000,USDT,59236
2026-05-24 17:27:15.144268,4970.000,USDT,59235
2026-05-24 17:03:09.882597,4000.00,transa,59225
2026-05-24 16:52:23.04003,4000.00,transa,59222
2026-05-24 16:49:13.428493,2800.000,USDT,59221
2026-05-24 16:43:01.925437,1700.00,transa,59220
2026-05-24 16:34:22.757551,2800.000,USDT,59219
2026-05-24 16:25:23.361447,2800.000,USDT,59217
2026-05-24 16:25:02.712962,3200.00,BALANCE,59216
2026-05-24 16:09:56.211308,4000.00,card,59212
2026-05-24 15:45:58.312282,3000.00,card,59208
2026-05-24 15:29:55.317218,4000.00,BALANCE,59201
2026-05-24 15:29:00.754511,0.00,BALANCE,59200
2026-05-24 15:20:26.233364,4000.00,nirvana,59196
2026-05-24 15:19:17.164051,4000.00,BALANCE,59195
2026-05-24 15:10:18.861175,700.00,BALANCE,59188
2026-05-24 15:05:31.373312,4200.00,BALANCE,59187
2026-05-24 14:51:31.231443,2600.00,transa,59180
2026-05-24 14:45:54.164253,7100.00,BALANCE,59176
2026-05-24 14:26:07.086806,1900.00,BALANCE,59172
2026-05-24 14:23:56.548075,4000.00,card,59171
2026-05-24 14:23:43.906208,3000.00,card,59170
2026-05-24 14:23:42.532001,4000.00,transa,59169
2026-05-24 14:20:47.448203,4200.00,card,59167
2026-05-24 13:48:53.180156,0.00,BALANCE,59151
2026-05-24 13:42:21.140355,4000.00,card,59147
2026-05-24 13:39:19.480971,0.00,BALANCE,59142
2026-05-24 13:36:56.914506,7100.00,transa,59140
2026-05-24 13:30:50.965143,2940.000,USDT,59138
2026-05-24 13:29:49.392529,0.00,BALANCE,59137
2026-05-24 13:21:55.659845,3500.00,BALANCE,59136
2026-05-24 12:28:00.881761,2800.000,USDT,59124
2026-05-24 12:27:10.250916,2800.000,USDT,59123
2026-05-24 12:09:13.111529,4000.00,nirvana,59119
2026-05-24 11:15:53.712695,2800.000,USDT,59109
2026-05-24 10:58:04.278615,2100.000,USDT,59102
2026-05-24 10:33:57.656005,0.00,BALANCE,59095
2026-05-24 10:28:23.419551,4000.00,transa,59094
2026-05-24 10:27:35.566382,2800.000,USDT,59093
2026-05-24 09:50:35.394915,2200.00,BALANCE,59089
2026-05-24 09:02:35.930714,0.00,BALANCE,59078
2026-05-24 08:33:21.839666,4000.00,transa,59077
2026-05-24 08:08:18.230872,4000.00,transa,59065
2026-05-24 04:50:21.894994,0.00,BALANCE,59046
2026-05-24 04:34:07.565458,2600.00,transa,59045
2026-05-24 03:15:05.491029,7100.00,transa,59040
2026-05-24 03:06:59.472928,0.00,BALANCE,59034
2026-05-24 01:35:09.219298,2800.000,USDT,59016
2026-05-24 00:51:58.020634,2600.00,transa,59013
2026-05-24 00:50:59.787728,2800.000,USDT,59012
2026-05-24 00:12:38.848402,2500.00,BALANCE,59009
2026-05-24 00:08:33.704331,3000.00,card,59007
2026-05-24 00:05:45.215493,4000.00,card,59006
2026-05-23 23:59:16.627228,4000.00,card,59003
2026-05-23 23:41:45.562253,2000.00,BALANCE,58993
2026-05-23 23:24:42.72367,4000.00,BALANCE,58986
2026-05-23 23:23:23.018429,2800.000,USDT,58985
2026-05-23 23:16:52.121886,2600.00,transa,58984
2026-05-23 22:51:16.658741,2800.000,USDT,58980
2026-05-23 22:40:14.763516,2800.000,USDT,58977
2026-05-23 22:37:22.789027,3000.00,card,58972
2026-05-23 22:06:01.794859,4000.00,BALANCE,58963
2026-05-23 21:58:12.041499,1000.00,BALANCE,58962
2026-05-23 21:51:27.342036,4000.00,BALANCE,58958
2026-05-23 21:44:20.75588,3000.00,BALANCE,58954
2026-05-23 21:43:24.9075,3000.00,BALANCE,58953
2026-05-23 21:41:49.657619,3000.00,BALANCE,58952
2026-05-23 21:34:08.162417,0.00,BALANCE,58951
2026-05-23 21:26:32.8866,3000.00,card,58942
2026-05-23 21:20:04.498699,2000.00,BALANCE,58940
2026-05-23 21:18:49.378643,1000.00,BALANCE,58939
2026-05-23 21:18:36.1203,2800.000,USDT,58938
2026-05-23 21:12:21.834912,4000.00,card,58932
2026-05-23 21:07:37.111689,4000.00,transa,58929
2026-05-23 20:54:04.578036,4000.00,card,58925
2026-05-23 20:28:06.199364,4000.00,nirvana,58920
2026-05-23 20:14:34.267808,4970.000,USDT,58912
2026-05-23 20:14:14.637313,4000.00,card,58911
2026-05-23 20:04:11.492337,4000.00,transa,58906
2026-05-23 19:57:53.822743,4000.00,BALANCE,58904
2026-05-23 19:56:35.780635,4000.00,transa,58903
2026-05-23 19:54:39.14563,4000.00,transa,58902
2026-05-23 19:34:10.100113,4000.00,transa,58899
2026-05-23 19:33:18.465814,4000.00,transa,58898
2026-05-23 19:32:35.729203,2800.000,USDT,58897
2026-05-23 19:11:21.326054,4000.00,card,58887
2026-05-23 18:42:41.64886,3000.00,card,58884
2026-05-23 18:40:27.26325,4000.00,transa,58881
2026-05-23 18:26:00.338274,1100.00,BALANCE,58877
2026-05-23 18:20:34.333533,2000.00,BALANCE,58873
2026-05-23 18:20:14.586455,4000.00,card,58872
2026-05-23 18:17:21.717326,4000.00,card,58871
2026-05-23 18:04:26.12599,4000.00,card,58867
2026-05-23 18:02:40.577495,4000.00,card,58866
2026-05-23 18:01:26.581397,2800.000,USDT,58865
2026-05-23 17:51:26.014469,3000.00,nirvana,58860
2026-05-23 17:31:29.204322,4000.00,transa,58858
2026-05-23 17:24:24.113245,2600.00,transa,58857
2026-05-23 17:15:09.563189,2000.00,nirvana,58854
2026-05-23 17:09:07.748426,0.00,BALANCE,58852
2026-05-23 17:07:50.892005,2800.000,USDT,58851
2026-05-23 16:55:47.467687,2800.000,USDT,58844
2026-05-23 16:53:40.111134,4000.00,card,58843
2026-05-23 16:52:01.271281,4000.00,card,58842
2026-05-23 16:33:47.834377,2000.00,transa,58829
2026-05-23 16:26:39.368548,4000.00,card,58826
2026-05-23 16:10:37.823578,4000.00,card,58818
2026-05-23 16:06:48.440811,4000.00,transa,58817
2026-05-23 16:01:39.665145,3000.00,card,58815
2026-05-23 16:01:38.770935,4000.00,transa,58814
2026-05-23 15:58:32.88836,2800.000,USDT,58813
2026-05-23 15:57:08.980974,2800.000,USDT,58812
2026-05-23 15:42:22.051078,4000.00,transa,58811
2026-05-23 15:24:51.276082,3000.00,BALANCE,58808
2026-05-23 15:23:35.138968,4000.00,card,58807
2026-05-23 15:22:13.357588,4000.00,BALANCE,58806
2026-05-23 15:21:20.873213,4000.00,BALANCE,58805
2026-05-23 15:13:16.729218,4000.00,card,58802
2026-05-23 14:43:35.444757,4000.00,card,58796
2026-05-23 14:32:20.948726,4000.00,card,58794
2026-05-23 14:02:12.975931,4000.00,transa,58786
2026-05-23 14:02:01.701781,4000.00,card,58785
2026-05-23 14:01:59.062559,4000.00,transa,58784
2026-05-23 13:56:36.570394,2800.000,USDT,58780
2026-05-23 13:43:55.622809,4000.00,card,58777
2026-05-23 13:25:42.759034,7100.00,transa,58771
2026-05-23 13:22:13.106427,4000.00,card,58770
2026-05-23 12:59:31.715611,4000.00,card,58766
2026-05-23 12:55:55.470155,3000.00,card,58765
2026-05-23 12:55:09.594116,1000.00,BALANCE,58763
2026-05-23 12:53:32.772165,3000.00,transa,58760
2026-05-23 12:52:54.097004,1820.000,USDT,58758
2026-05-23 12:26:07.964415,4000.00,transa,58741
2026-05-23 12:09:28.108819,2100.000,USDT,58734
2026-05-23 11:46:55.333423,2800.000,USDT,58727
2026-05-23 11:32:27.943851,3000.00,transa,58719
2026-05-23 11:04:24.476604,2600.00,transa,58715
2026-05-23 10:33:45.027594,1100.00,BALANCE,58714
2026-05-23 10:27:03.921834,4000.00,transa,58713
2026-05-23 09:52:48.754091,2800.000,USDT,58695
2026-05-23 09:19:09.041678,4000.00,transa,58690
2026-05-23 09:05:16.950302,3000.00,transa,58683
2026-05-23 09:04:47.543941,4000.00,transa,58682
2026-05-23 02:39:29.833605,4000.00,transa,58642
2026-05-23 02:33:37.0582,4000.00,transa,58640
2026-05-23 02:29:23.015948,4200.00,BALANCE,58637
2026-05-23 02:23:13.780976,2800.000,USDT,58635
2026-05-23 01:21:14.948416,7100.00,transa,58612
2026-05-23 01:02:33.648814,2800.000,USDT,58599
2026-05-23 00:49:40.792269,4000.00,transa,58590
2026-05-23 00:22:49.864055,3000.00,BALANCE,58586
2026-05-23 00:21:57.031884,0.00,BALANCE,58585
2026-05-22 23:33:20.933181,4000.00,transa,58561
2026-05-22 23:30:19.292626,2800.000,USDT,58555
2026-05-22 22:41:32.25359,4000.00,transa,58529
2026-05-22 22:22:19.371425,1800.00,BALANCE,58511
2026-05-22 21:42:36.369566,4000.00,transa,58499
2026-05-22 21:41:14.221595,3000.00,card,58498
2026-05-22 21:23:16.80532,3000.00,card,58496
2026-05-22 21:20:37.079027,3000.00,card,58495
2026-05-22 20:48:05.755582,4000.00,transa,58494
2026-05-22 20:46:09.859791,4000.00,transa,58492
2026-05-22 20:37:33.930061,4000.00,BALANCE,58490
2026-05-22 20:24:46.402879,7100.00,BALANCE,58488
2026-05-22 20:05:20.408758,4000.00,card,58483
2026-05-22 20:02:27.394553,4000.00,BALANCE,58480
2026-05-22 20:00:50.78392,1300.00,BALANCE,58479
2026-05-22 19:31:05.970928,3000.00,card,58475
2026-05-22 19:28:53.067962,3000.00,transa,58474
2026-05-22 19:25:39.133177,4000.00,card,58473
2026-05-22 19:24:09.382007,4000.00,transa,58472
2026-05-22 19:21:22.738354,4000.00,card,58470
2026-05-22 19:12:30.423766,3000.00,card,58466
2026-05-22 18:41:25.309477,7100.00,card,58456
2026-05-22 18:15:46.267807,2100.000,USDT,58447
2026-05-22 18:07:25.387996,4000.00,BALANCE,58442
2026-05-22 17:59:32.839273,4000.00,card,58441
2026-05-22 17:50:17.84811,4000.00,card,58439
2026-05-22 17:46:19.804343,7100.00,transa,58437
2026-05-22 17:40:53.004845,4000.00,transa,58436
2026-05-22 17:23:12.107016,2600.00,card,58435
2026-05-22 17:19:40.441871,3000.00,card,58433
2026-05-22 17:11:37.559249,2100.000,USDT,58431
2026-05-22 17:09:32.766773,4000.00,card,58430
2026-05-22 17:04:29.161723,3000.00,card,58428
2026-05-22 16:54:22.324939,4000.00,card,58425
2026-05-22 15:43:20.640557,4200.00,transa,58418
2026-05-22 15:18:16.126289,4000.00,transa,58409
2026-05-22 14:58:00.368623,0.00,BALANCE,58404
2026-05-22 14:57:23.41383,7100.00,transa,58403
2026-05-22 14:49:04.482807,0.00,BALANCE,58402
2026-05-22 14:46:23.843069,4000.00,BALANCE,58401
2026-05-22 14:44:51.687279,2100.000,USDT,58399
2026-05-22 14:38:28.037952,2900.00,BALANCE,58397
2026-05-22 14:37:13.813848,4000.00,BALANCE,58396
2026-05-22 14:36:43.914854,800.00,BALANCE,58395
2026-05-22 13:52:10.13092,0.00,BALANCE,58389
2026-05-22 13:48:24.279764,4000.00,BALANCE,58388
2026-05-22 13:08:11.643076,4000.00,BALANCE,58383
2026-05-22 12:51:22.838224,4000.00,card,58381
2026-05-22 12:40:59.382599,4000.00,card,58380
2026-05-22 12:38:50.143525,4000.00,BALANCE,58377
2026-05-22 12:25:26.882799,4000.00,transa,58372
2026-05-22 12:23:20.294208,4000.00,card,58371
2026-05-22 12:12:06.016716,4000.00,transa,58370
2026-05-22 11:56:10.329623,2800.000,USDT,58366
2026-05-22 11:37:39.185197,4000.00,card,58362
2026-05-22 11:20:01.353502,4000.00,transa,58361
2026-05-22 11:11:46.081451,4000.00,card,58359
2026-05-22 11:11:04.562634,4000.00,transa,58358
2026-05-22 09:55:00.234326,7100.00,transa,58354
2026-05-22 09:16:17.83973,4000.00,card,58351
2026-05-22 07:30:06.229848,4000.00,card,58345
2026-05-22 03:47:02.009931,4000.00,BALANCE,58339
2026-05-22 03:17:27.9122,2000.00,BALANCE,58337
2026-05-22 02:43:45.977956,4000.00,transa,58331
2026-05-22 02:38:05.376376,4970.000,USDT,58330
2026-05-22 02:29:35.814707,4000.00,transa,58328
2026-05-22 01:47:23.241744,7100.00,transa,58324
2026-05-22 00:49:09.364398,7100.00,card,58316
2026-05-22 00:04:03.390092,7100.00,transa,58308
2026-05-21 23:47:09.508515,2100.000,USDT,58304
2026-05-21 23:44:13.750476,2100.000,USDT,58303
2026-05-21 22:47:36.386818,4000.00,BALANCE,58293
2026-05-21 21:49:00.384401,4000.00,card,58279
2026-05-21 21:09:20.116868,4000.00,transa,58274
2026-05-21 21:06:42.746583,7100.00,transa,58273
2026-05-21 21:03:44.001838,4000.00,transa,58272
2026-05-21 20:20:17.969475,4000.00,transa,58269
2026-05-21 20:16:32.815435,4000.00,transa,58267
2026-05-21 20:12:08.543419,4000.00,BALANCE,58266
2026-05-21 20:10:41.611917,3000.00,card,58265
2026-05-21 19:58:57.020922,1100.00,BALANCE,58259
2026-05-21 19:47:48.288076,7100.00,BALANCE,58258
2026-05-21 19:38:34.986931,4000.00,BALANCE,58257
2026-05-21 19:32:23.803332,4000.00,transa,58256
2026-05-21 19:13:39.04785,4000.00,card,58249
2026-05-21 18:38:47.446846,4000.00,card,58237
2026-05-21 17:59:41.394598,4000.00,transa,58233
2026-05-21 17:20:06.910033,3000.00,card,58228
2026-05-21 17:10:44.181816,4000.00,card,58226
2026-05-21 16:03:41.16187,4000.00,BALANCE,58223
2026-05-21 15:34:05.988911,4000.00,card,58218
2026-05-21 15:22:32.805684,4000.00,card,58215
2026-05-21 14:48:58.400331,3000.00,BALANCE,58214
2026-05-21 14:44:18.05961,0.00,BALANCE,58212
2026-05-21 14:36:06.145438,4000.00,card,58208
2026-05-21 14:28:21.680178,4000.00,card,58205
2026-05-21 14:20:01.042389,0.00,BALANCE,58204
2026-04-29 06:54:16.690409,0.00,BALANCE,58155
2026-04-29 06:10:23.554353,3000.00,transa,58152
2026-04-29 05:05:13.405455,3000.00,transa,58149
2026-04-29 03:36:49.841972,2400.00,BALANCE,58143
2026-04-29 02:53:53.361983,0.00,BALANCE,58140
2026-04-29 02:38:34.400266,7300.00,transa,58138
2026-04-29 02:16:02.415282,3000.00,BALANCE,58134
2026-04-29 00:57:31.136782,1500.00,BALANCE,58130
2026-04-28 23:57:42.336989,7300.00,BALANCE,58124
2026-04-28 23:53:37.190085,4200.00,transa,58123
2026-04-28 23:49:36.061295,3000.00,BALANCE,58121
2026-04-28 23:36:21.58337,1900.00,transa,58120
2026-04-28 22:33:21.452623,7300.00,BALANCE,58113
2026-04-28 22:11:23.04208,3500.00,BALANCE,58112
2026-04-28 21:40:25.770929,4200.00,BALANCE,58104
2026-04-28 20:31:32.442382,4200.00,BALANCE,58089
2026-04-28 20:22:03.062142,4200.00,BALANCE,58086
2026-04-28 20:16:58.949959,2000.00,transa,58084
2026-04-28 20:06:18.524045,4200.00,BALANCE,58083
2026-04-28 20:05:20.657988,1200.00,BALANCE,58082
2026-04-28 19:45:48.075359,3000.00,BALANCE,58073
2026-04-28 19:32:08.381639,5110.000,USDT,58069
2026-04-28 18:40:04.365286,4200.00,card,58054
2026-04-28 18:26:58.509556,3000.00,BALANCE,58051
2026-04-28 17:38:09.846606,4200.00,card,58042
2026-04-28 17:37:14.434848,5110.000,USDT,58041
2026-04-28 17:35:18.048818,4200.00,card,58040
2026-04-28 17:30:49.141941,0.00,BALANCE,58037
2026-04-28 16:59:35.413339,1900.00,transa,58025
2026-04-28 16:54:32.031259,4200.00,card,58024
2026-04-28 16:50:27.618529,4200.00,transa,58023
2026-04-28 16:42:01.473374,1300.00,BALANCE,58021
2026-04-28 16:38:08.664172,4200.00,transa,58019
2026-04-28 16:19:48.903726,2240.000,USDT,58017
2026-04-28 16:13:20.061453,3000.00,BALANCE,58015
2026-04-28 16:11:12.146325,4200.00,card,58013
2026-04-28 16:08:24.985802,3000.00,BALANCE,58012
2026-04-28 15:57:12.593425,4200.00,BALANCE,58008
2026-04-28 15:52:44.468499,1900.00,BALANCE,58007
2026-04-28 15:20:54.505653,800.00,BALANCE,57995
2026-04-28 15:20:15.760815,3000.00,card,57994
2026-04-28 14:19:55.588172,7300.00,BALANCE,57978
2026-04-28 14:12:47.348632,3000.00,BALANCE,57975
2026-04-28 14:08:45.863136,4200.00,card,57974
2026-04-28 14:08:10.439525,2000.00,BALANCE,57973
2026-04-28 13:54:30.405235,0.00,BALANCE,57967
2026-04-28 13:47:22.418544,2100.000,USDT,57958
2026-04-28 13:32:37.934342,7300.00,onlypays,57952
2026-04-28 13:24:53.815198,3000.00,BALANCE,57948
2026-04-28 13:14:40.797668,300.00,BALANCE,57942
2026-04-28 12:49:26.861296,2550.0000,LTC,57937
2026-04-28 12:44:03.456419,4200.00,transa,57936
2026-04-28 12:41:43.604623,4200.00,transa,57934
2026-04-28 12:20:55.548106,1900.00,transa,57929
2026-04-28 12:05:51.884202,4200.00,card,57923
2026-04-28 11:07:22.267205,3000.00,card,57912
2026-04-28 09:39:53.182567,2000.00,card,57904
2026-04-28 09:35:07.585222,3000.00,transa,57903
2026-04-28 08:29:15.711124,3000.00,card,57900
2026-04-28 05:31:22.752131,2500.00,transa,57896
2026-04-28 02:23:06.88599,5110.000,USDT,57875
2026-04-28 01:39:07.251776,4200.00,BALANCE,57873
2026-04-28 01:31:29.650261,2940.000,USDT,57872
2026-04-28 01:04:46.226827,1200.00,BALANCE,57870
2026-04-28 00:52:13.287515,4200.00,card,57869
2026-04-28 00:24:01.171331,4200.00,card,57865
2026-04-28 00:08:34.92289,3000.00,card,57858
2026-04-27 23:41:35.715809,7300.00,BALANCE,57855
2026-04-27 23:36:20.546117,0.00,BALANCE,57854
2026-04-27 23:28:54.57165,2100.000,USDT,57852
2026-04-27 23:25:45.101204,4200.00,BALANCE,57849
2026-04-27 23:00:45.627686,4200.00,card,57847
2026-04-27 22:11:29.796967,2000.00,BALANCE,57838
2026-04-27 21:57:51.714946,0.00,BALANCE,57836
2026-04-27 21:50:10.874561,1900.00,transa,57833
2026-04-27 20:56:10.178847,7300.00,transa,57828
2026-04-27 20:48:34.06695,0.00,BALANCE,57827
2026-04-27 20:44:38.211354,4200.00,BALANCE,57826
2026-04-27 20:31:55.950631,1900.00,BALANCE,57824
2026-04-27 20:30:42.481582,500.00,BALANCE,57823
2026-04-27 20:30:16.261403,3000.00,BALANCE,57822
2026-04-27 20:22:59.978623,1500.00,BALANCE,57820
2026-04-27 20:20:18.37242,2000.00,BALANCE,57819
